<?xml version="1.0" encoding="UTF-8"?>
<!-- DOCTYPE sqlMap PUBLIC "-//iBATIS.com//DTD SQL Map 2.0//EN" "http://www.ibatis.com/dtd/sql-map-2.dtd" -->
<!DOCTYPE sqlMap PUBLIC "-//ibatis.apache.org//DTD SQL Map 2.0//EN" "http://ibatis.apache.org/dtd/sql-map-2.dtd">

<sqlMap namespace="t6573">
	<typeAlias alias="t6573Bean" type="pe.gob.sunat.servicio2.registro.electronico.comppago.retencion.model.RetencionBean" />	
		
	<select id="selectPorEmisor" parameterClass="t6573Bean" resultClass="t6573Bean">		
		SELECT 
			num_ruc AS numRuc,
			cod_cpe AS codCpe,
			num_serie_cpe AS numSerieCpe,
			num_cpe AS numCpe,
			cod_tip_doc_recep AS codTipoDocRecep,
			num_doc_recep AS numDocRecep,
			des_nom_recep AS descNombreRecep,
			fec_emi AS fechaEmision,
			cod_reg_ret AS codRegimenRet,
			des_observacion AS descObservacion,			
			mto_total_ret AS montoTotalRetenido,
			mto_total_pagado AS montoTotalPagado,
			cod_est_cpe AS codEstadoCpe,
			ind_procedencia AS indProcedencia,
			ind_cpe_fisico AS indCompFisico,
			des_motivo_rev AS descMotivoReversion, 
			fec_rev AS fechaReversion, 
			cod_usu_rev AS codUsuReversion, 
			TO_NUMBER(num_ticket) AS numTicket,
			cod_correo_recep AS codCorreoRecep,	
			cod_mot_contin AS codMotivoContin,
			num_periodo AS numPeriodo,
			mto_base_calculo AS montoBaseCalculo,
			ind_reemp_rev AS indReempRev,
			fec_regis AS fechaRegistro,	
			cod_usuregis AS codUsuRegistro,
			fec_modif AS fechaModificacion,
			cod_usumodif AS codUsuModificacion,
			num_ticket as numTicket
		FROM t6573Retencion
		<dynamic prepend="WHERE ">
			<isNotNull property="numRuc" prepend="AND">
				num_ruc = #numRuc# 
	      	</isNotNull>     	
	      	<isNotNull property="codTipoDocRecep" prepend="AND">
				cod_tip_doc_recep = #codTipoDocRecep# 
	      	</isNotNull>	      	
	      	<isNotNull property="numDocRecep" prepend="AND">
				num_doc_recep = #numDocRecep# 
	      	</isNotNull>
			<isNotNull property="numCpe" prepend="AND">
				num_cpe = #numCpe#
	      	</isNotNull>
			<isNotNull property="numSerieCpe" prepend="AND">
				num_serie_cpe = #numSerieCpe#				
	      	</isNotNull>
	      	<isNotNull property="fechaEmision" prepend="AND">
				to_char(fec_emi,'%Y%m%d') <![CDATA[ = ]]> to_char(#fechaEmision#,'%Y%m%d') 
	      	</isNotNull>		      	
	      	<isNotNull property="montoTotalRetenido" prepend="AND">
				mto_total_ret = #montoTotalRetenido# 
	      	</isNotNull>	      	
	      	<isNotNull property="codEstadoCpe" prepend="AND">
				cod_est_cpe = #codEstadoCpe# 
	      	</isNotNull>
	   </dynamic>
	</select>
	
	<select id="buscarCanalEnvio" parameterClass="java.util.HashMap" resultClass="java.lang.String">          
              select ind_canalenvio from t6577logperpack where num_ticket = #num_ticket#
    </select>
    
    <select id="countRechazo" parameterClass="java.util.HashMap" resultClass="int">          
              select count(*) from t4541feanulado where num_ruc = #num_ruc# and 
              cod_cpe = #cod_cpe# and num_serie_cpe = #num_serie_cpe# and num_cpe = #num_cpe# and cod_error is null
    </select>
</sqlMap>