<?xml version="1.0" encoding="UTF-8"?>
<beans xmlns="http://www.springframework.org/schema/beans"
     xmlns:xsi="http://www.w3.org/2001/XMLSchema-instance"
     xmlns:context="http://www.springframework.org/schema/context"
     xmlns:jee="http://www.springframework.org/schema/jee"
     xsi:schemaLocation="http://www.springframework.org/schema/beans http://www.springframework.org/schema/beans/spring-beans.xsd
         http://www.springframework.org/schema/context http://www.springframework.org/schema/context/spring-context.xsd
         http://www.springframework.org/schema/jee http://www.springframework.org/schema/jee/spring-jee.xsd">

	<!-- Hace un import del archivo de Contexto de los DAOS -->
	<!--import resource="macroproceso-proceso-data.xml"/-->
	<import resource="iacontribuyente2-registro-comppago-cacheparam.xml"/>
	<!--import resource="classpath:iacontribuyente2-registro-comppago-data.xml"-->
	<import resource="iacontribuyente2-registro-comppago-data.xml"/>

	
	<!-- Escanea el paquete de los Services -->
	<!-- <context:component-scan base-package="pe.gob.sunat.contribuyente2.registro.comppago.model.dao.ibatis"/> -->
	<!-- Carga Beans de Otros Service -->
		
		
	<!-- ServiceFactory -->	
	
	<bean id="proceso.fabricaDeServicios" name="proceso.fabricaDeServiciosOrquestador" class="org.springframework.beans.factory.config.ServiceLocatorFactoryBean" autowire="byName">
		<property name="serviceLocatorInterface" value="pe.gob.sunat.framework.spring.util.factory.FabricaDeServicios"/>
	</bean>
	
<!-- 	<bean id="sharedlib.contribuyente2.registro.comppago.service.CPEServiceImpl" class="pe.gob.sunat.contribuyente2.registro.comppago.service.imp.CPEServiceImpl"> -->
<!-- 	</bean> -->

	<bean id="xmlSignAndValid" class="pe.gob.sunat.framework.spring.security.util.XmlX509DataSignAndValid">
		<property name="storage" value=""/>
		<property name="storagePassword" value=""/>
		<property name="certAlias" value=""/>
		<property name="certPassword" value=""/>
	</bean>

	<bean id="certificacionDigital" class="pe.gob.sunat.framework.spring.security.service.DigitalCertificateServiceImpl">
		<property name="signAndValid" ref="xmlSignAndValid"/>
	</bean>
	
	<bean id="archivoService" class="pe.gob.sunat.servicio2.registro.electronico.comppago.factura.service.ProcesaArchivoComprobanteServiceImpl">
		<property name="directorioTemporal" value="/data0/see/emision/factura/files"/>
		<property name="directorioTemplate" value="/data0/see/emision/factura/templates"/>
		<property name="directorioResources" value="/data0/see/emision/factura/resources"/>
		<property name="directorioSchemas" value="/data0/see/emision/factura/resources/maindoc"/>
		
		<property name="directorioTemporalNC" value="/data0/see/emision/notacredito/files"/>
		<property name="directorioTemplateNC" value="/data0/see/emision/notacredito/templates"/>
		<property name="directorioResourcesNC" value="/data0/see/emision/notacredito/resources"/>
		<property name="directorioSchemasNC" value="/data0/see/emision/notacredito/resources/maindoc"/>
		
		<property name="directorioTemporalND" value="/data0/see/emision/notadebito/files"/>
		<property name="directorioTemplateND" value="/data0/see/emision/notadebito/templates"/>
		<property name="directorioResourcesND" value="/data0/see/emision/notadebito/resources"/>
		<property name="directorioSchemasND" value="/data0/see/emision/notadebito/resources/maindoc"/>
		
		<property name="directorioTemporalFactura" value="/data0/see/emision/factura/files"/>
		<property name="directorioTemplateFactura" value="/data0/see/emision/factura/templates"/>
		<property name="directorioResourcesFactura" value="/data0/see/emision/factura/resources"/>
		<property name="directorioSchemasFactura" value="/data0/see/emision/factura/resources/maindoc"/>
		
		<property name="certificacionDigitalService" ref="certificacionDigital"/>
	</bean>
	

	<bean id="archivoServiceBVE" class="pe.gob.sunat.servicio2.registro.electronico.comppago.boleta.service.ProcesaArchivoComprobanteServiceImpl">
		<property name="directorioTemporal" value="/data0/see/emision/boleta/files"/>
		<property name="directorioTemplate" value="/data0/see/emision/boleta/templates"/>
		<property name="directorioResources" value="/data0/see/emision/boleta/resources"/>
		<property name="directorioSchemas" value="/data0/see/emision/boleta/resources/maindoc"/>
		
		<property name="directorioTemporalBoleta" value="/data0/see/emision/boleta/files"/>
		<property name="directorioTemplateBoleta" value="/data0/see/emision/boleta/templates"/>
		<property name="directorioResourcesBoleta" value="/data0/see/emision/boleta/resources"/>
		<property name="directorioSchemasBoleta" value="/data0/see/emision/boleta/resources/maindoc"/>
		
		<property name="directorioTemporalNC" value="/data0/see/emision/notacredito/files"/>
		<property name="directorioTemplateNC" value="/data0/see/emision/notacredito/templates"/>
		<property name="directorioResourcesNC" value="/data0/see/emision/notacredito/resources"/>
		<property name="directorioSchemasNC" value="/data0/see/emision/notacredito/resources/maindoc"/>
		
		<property name="directorioTemporalND" value="/data0/see/emision/notadebito/files"/>
		<property name="directorioTemplateND" value="/data0/see/emision/notadebito/templates"/>
		<property name="directorioResourcesND" value="/data0/see/emision/notadebito/resources"/>
		<property name="directorioSchemasND" value="/data0/see/emision/notadebito/resources/maindoc"/>
		
		<property name="certificacionDigitalService" ref="certificacionDigital"/>
	</bean>

<!--  
	<bean id="consultarService" class="pe.gob.sunat.servicio2.registro.electronico.comppago.consulta.service.ConsultaCPEServiceImpl">
		<property name="daoDdp" ref="daoDdp"/>
		<property name="daoT01" ref="daoT01"/>		
		<property name="daoT4241" ref="daoT4241"/>
		<property name="daoT4243" ref="daoT4243"/>
    	<property name="daoT4429" ref="daoT4429"/>
    	<property name="daoT1331" ref="daoT1331"/>
        <property name="t4703DAO" ref="t4703DAO"/>        
        <property name="daoT4541" ref="daoT4541"/>  
		<property name="archivoService" ref="archivoService"/>
		<property name="archivoServiceBVE" ref="archivoServiceBVE"/>
	</bean>	
-->
	<bean id="serviceCommonFunction" class="pe.gob.sunat.contribuyente2.registro.comppago.service.imp.ServiceCommonFunction"></bean>
	
	<bean id="sharedlib.contribuyente2.registro.comppago.service.FacturaRestServiceImpl" class="pe.gob.sunat.contribuyente2.registro.comppago.service.imp.FacturaRestServiceImpl">
	 	<property name="daoT4243" ref="daoT4243"/>
	 	<property name="daoT4243Ibatis" ref="daoT4243Ibatis"/>
	 	<property name="daoT4283" ref="daoT4283"/>
	 	<property name="daoT5229" ref="daoT5229"/>
	 	<property name="daoT01" ref="daoT01"/>
	 	<property name="serviceCommonFunction" ref="serviceCommonFunction"/>
	 	<property name="archivoService" ref="archivoService"/>
	</bean>

	<bean id="sharedlib.contribuyente2.registro.comppago.service.BoletaRestServiceImpl" class="pe.gob.sunat.contribuyente2.registro.comppago.service.imp.BoletaRestServiceImpl">
	 	<property name="daoT4243" ref="daoT4243"/>
	 	<property name="daoT4243Ibatis" ref="daoT4243Ibatis"/>
	 	<property name="daoT4283" ref="daoT4283"/>
	 	<!-- INI: PAS20201U210100184 -->
	 	<property name="daoT4283h" ref="daoT4283h"/>
		<!-- FIN: PAS20201U210100184  -->
	 	<property name="daoT5229" ref="daoT5229"/>
	 	<property name="daoT01" ref="daoT01"/>
	 	<property name="serviceCommonFunction" ref="serviceCommonFunction"/>
	 	<property name="archivoServiceBVE" ref="archivoServiceBVE"/>
	</bean>	
	
	<bean id="sharedlib.contribuyente2.registro.comppago.service.FacturaNotaCreditoRestServiceImpl" class="pe.gob.sunat.contribuyente2.registro.comppago.service.imp.FacturaNotaCreditoRestServiceImpl">
	 	<property name="daoT4243" ref="daoT4243"/>
	 	<property name="daoT4243Ibatis" ref="daoT4243Ibatis"/>
	 	<property name="daoT4283" ref="daoT4283"/>
	 	<property name="daoT5229" ref="daoT5229"/>
	 	<property name="daoT01" ref="daoT01"/>
	 	<property name="serviceCommonFunction" ref="serviceCommonFunction"/>
	 	<property name="archivoService" ref="archivoService"/>
	</bean>

	<bean id="sharedlib.contribuyente2.registro.comppago.service.FacturaNotaDebitoRestServiceImpl" class="pe.gob.sunat.contribuyente2.registro.comppago.service.imp.FacturaNotaDebitoRestServiceImpl">
	 	<property name="daoT4243" ref="daoT4243"/>
	 	<property name="daoT4243Ibatis" ref="daoT4243Ibatis"/>
	 	<property name="daoT4283" ref="daoT4283"/>
	 	<property name="daoT5229" ref="daoT5229"/>
	 	<property name="daoT01" ref="daoT01"/>
	 	<property name="serviceCommonFunction" ref="serviceCommonFunction"/>
	 	<property name="archivoService" ref="archivoService"/>
	</bean>

	<bean id="sharedlib.contribuyente2.registro.comppago.service.BoletaNotaCreditoRestServiceImpl" class="pe.gob.sunat.contribuyente2.registro.comppago.service.imp.BoletaNotaCreditoRestServiceImpl">
	 	<property name="daoT4243" ref="daoT4243"/>
	 	<property name="daoT4243Ibatis" ref="daoT4243Ibatis"/>
	 	<property name="daoT4283" ref="daoT4283"/>
	 	<property name="daoT5229" ref="daoT5229"/>
	 	<property name="daoT01" ref="daoT01"/>
	 	<property name="serviceCommonFunction" ref="serviceCommonFunction"/>
	 	<property name="archivoServiceBVE" ref="archivoServiceBVE"/>
	</bean>
	
	<bean id="sharedlib.contribuyente2.registro.comppago.service.BoletaNotaDebitoRestServiceImpl" class="pe.gob.sunat.contribuyente2.registro.comppago.service.imp.BoletaNotaDebitoRestServiceImpl">
	 	<property name="daoT4243" ref="daoT4243"/>
	 	<property name="daoT4243Ibatis" ref="daoT4243Ibatis"/>
	 	<property name="daoT4283" ref="daoT4283"/>
	 	<property name="daoT5229" ref="daoT5229"/>
	 	<property name="daoT01" ref="daoT01"/>
	 	<property name="serviceCommonFunction" ref="serviceCommonFunction"/>
	 	<property name="archivoServiceBVE" ref="archivoServiceBVE"/>
	</bean>		
</beans>
