<?xml version="1.0" encoding="UTF-8"?>
<beans xmlns="http://www.springframework.org/schema/beans"
		xmlns:xsi="http://www.w3.org/2001/XMLSchema-instance"
		xmlns:aop="http://www.springframework.org/schema/aop"
		xmlns:jee="http://www.springframework.org/schema/jee"
		xsi:schemaLocation="http://www.springframework.org/schema/beans 
							http://www.springframework.org/schema/beans/spring-beans-2.5.xsd
							http://www.springframework.org/schema/aop	http://www.springframework.org/schema/aop/spring-aop-2.5.xsd
							http://www.springframework.org/schema/jee http://www.springframework.org/schema/jee/spring-jee-2.5.xsd">

	<!-- <import resource="classpath:framework-data.xml"/>  -->
	<bean id="lobHandler" class="org.springframework.jdbc.support.lob.DefaultLobHandler"/>
	<!-- ======================== Data Sources   =================================================== -->
		
	<bean id="cpeleDataSource" class="org.springframework.jndi.JndiObjectFactoryBean">
		<property name="jndiName">
			<value>jdbc/dccpele</value>
		</property>
	</bean> 
	
	<!-- INI: PAS20201U210100184 -->
	<bean id="cpehistDataSource" class="org.springframework.jndi.JndiObjectFactoryBean">
		<property name="jndiName">
			<value>jdbc/dccpehist</value>
		</property>
	</bean> 
	<!-- FIN: PAS20201U210100184 -->
	<bean id="recauda0jDataSource" class="org.springframework.jndi.JndiObjectFactoryBean">
		<property name="jndiName">
			<value>jdbc/dcrecauda0j</value>
		</property>
	</bean>
	
	<!-- ======================== SqlMap setup for iBATIS Database Layer     ======================== -->
	<bean id="sqlMapClientCpele"	class="org.springframework.orm.ibatis.SqlMapClientFactoryBean">
		<property name="configLocation" value="sql-map-config-cpele.xml"/>
		<property name="dataSource" ref="cpeleDataSource"/>
	</bean>
		
	<!-- ========================= DAO DEFINITIONS: SPRING  IMPLEMENTATIONS ========================= -->

<!-- INI: PAS20201U210100184 -->
	<bean id="sqlMapClientCpehist"	class="org.springframework.orm.ibatis.SqlMapClientFactoryBean">
		<property name="configLocation" value="sql-map-config-cpehist.xml"/>
		<property name="dataSource" ref="cpehistDataSource"/>
	</bean>
<!-- FIN: PAS20201U210100184  -->

	<bean id="daoT01" class="pe.gob.sunat.servicio2.registro.model.dao.spring.T01DAOImpl">
			<property name="dataSource" ref="recauda0jDataSource"/>
	</bean>

	<bean id="daoT4243Ibatis" class="pe.gob.sunat.servicio2.registro.electronico.comppago.factura.model.dao.spring.T4243DAOImpl">
		<property name="dataSource" ref="cpeleDataSource" />
		<property name="lobHandler" ref="lobHandler"/>
	</bean>	
	
	<!-- ========================= DAO DEFINITIONS: IBATIS IMPLEMENTATIONS ========================= -->
	<bean id="daoT4243" class="pe.gob.sunat.servicio2.registro.electronico.comppago.factura.model.dao.ibatis.SqlMapT4243DAOImpl">
		<property name="sqlMapClient" ref="sqlMapClientCpele" />
	</bean>	
	
	 <bean id="daoT4283" class="pe.gob.sunat.servicio2.registro.electronico.comppago.factura.model.dao.ibatis.SqlMapT4283DAOImpl">
		<property name="sqlMapClient" ref="sqlMapClientCpele" />
	</bean>
	
	<bean id="daoT5229" class="pe.gob.sunat.servicio2.registro.electronico.comppago.guiaremision.controlbienes.model.dao.ibatis.SqlMapT5229DAOImpl">
		<property name="sqlMapClient" ref="sqlMapClientCpele" />
	</bean>

<!-- INI: PAS20201U210100184 -->
	<bean id="daoT4283h" class="pe.gob.sunat.servicio2.registro.electronico.comppago.factura.model.dao.ibatis.SqlMapT4283hDAOImpl">
		<property name="sqlMapClient" ref="sqlMapClientCpehist" />
	</bean>
<!-- FIN: PAS20201U210100184  -->

		
 
 	
</beans>