<?xml version="1.0" encoding="UTF-8"?>
<!DOCTYPE sqlMap PUBLIC "-//ibatis.apache.org//DTD SQL Map 2.0//EN"
"http://ibatis.apache.org/dtd/sql-map-2.dtd">

<sqlMap namespace="T5676">
	<parameterMap id="updateVigenciaByTicketparams" class="java.util.Map">
		<parameter property="vigente" 	jdbcType="VARCHAR" 	 javaType="java.lang.String" />
		<parameter property="numTicket" jdbcType="INTEGER"   javaType="java.lang.Integer" />
	</parameterMap>
	<update id="updateVigenciaByTicket" parameterMap="updateVigenciaByTicketparams"  >
		UPDATE t5676contincpe_det
		SET ind_vigente = ?
		WHERE num_ticket=?
	</update>

	<typeAlias alias="T5676Bean" type="pe.gob.sunat.servicio2.registro.comppago.factura.gem.contingencia.model.domain.T5676Bean"/>
	<typeAlias alias="T5675Bean" type="pe.gob.sunat.servicio2.registro.comppago.factura.gem.contingencia.model.domain.T5675Bean"/>
	<typeAlias alias="T5676QueryParameterBean" type="pe.gob.sunat.servicio2.registro.comppago.factura.gem.contingencia.model.domain.T5676QueryParameterBean"/>
	
	
	<select id="obtenerContingenciaDetalleByNumeTicket" resultClass="T5676Bean" parameterClass="T5676Bean">
			SELECT num_ticket AS numeTicket, 
				   cod_cp 		AS	  tipoComprobante,
				   num_serie_cp  AS serieComprobante,       
				   num_inicial_cp    AS   numeComprobanteDesde,
				   num_final_cp 	AS	 numeComprobanteHasta,         
				   fec_emision  	AS	 fechaEmision,
				   cod_docide_recep AS	 tipoDocumentoIdentidad,
				   num_docide_recep AS	 numeroDocuIdencliente,
				   des_nombre_recep AS  nombreCliente,                                                                                                                                                                                      
				   cod_moneda	AS	  moneda,
				   cod_cp_modif AS    tipoComprobanteModifica,
				   num_serie_cp_modif AS   serieDocuModifica,
				   num_inicial_cp_mod AS   numeCompModiDesde,
				   num_final_cp_modif AS  numeCompModiHasta,
				   mto_ven_gra  AS     montoVentaGravada,
				   mto_ven_exo  AS     montoVentaExonerada,
				   mto_ven_ina  AS     montoVentaInafecta,
				   mto_isc      AS     montoIsc,
				   mto_igv_ipm  AS     montoIgvIpm,
				   mto_otr      AS     montoOtros,
				   mto_tot      AS     montoTotal,
				   ind_est_cpe AS indicadorEstado,
				   cod_motivo AS codiMotivo,
				   cod_usuregis  AS    usuarioRegistra,   
				   fec_regis    AS     fechaRegistro,
				   ind_vigente AS indicadorVigente  
			FROM   t5676contincpe_det 
			WHERE  num_ticket=#numeTicket#
	</select>
	
	<select id="contarContingenciaDetalleByNumeRuc" resultClass="java.lang.Integer" parameterClass="T5675Bean">
			SELECT 	count(1)
			FROM   	t5675contincpe, t5676contincpe_det 
			WHERE  	t5675contincpe.num_ticket = t5676contincpe_det.num_ticket  
			AND		t5675contincpe.num_ruc = #numeRuc#
			AND		t5675contincpe.fec_contin = #fechaContingencia# 
	</select>
	
	
	<select id="contarContingenciaDetalleByComprobante" resultClass="java.lang.Integer" parameterClass="T5676Bean">
			SELECT 	count(1)
			FROM   	t5676contincpe_det 
			WHERE  	num_serie_cp  = #serieComprobante#
			AND		num_inicial_cp = #numeComprobanteDesde# 
	</select>
	
	<insert id="insertarContingenciaDetalle" parameterClass="T5676Bean">
	insert into t5676contincpe_det( num_ticket, 
				   				   	cod_cp,
									num_serie_cp,       
					   				num_inicial_cp,
					   				num_final_cp,         
					   				fec_emision,
					   				cod_docide_recep,
					   				num_docide_recep,
					   				des_nombre_recep,                                                                                                                                                                                      
					   				cod_moneda,
					   				cod_cp_modif,
					   				num_serie_cp_modif,
					   				num_inicial_cp_mod,
					   				num_final_cp_modif,
					   				mto_ven_gra,
					   				mto_ven_exo,
									mto_ven_ina,
					   				mto_isc,
					   				mto_igv_ipm,
					   				mto_otr,
					   				mto_tot,
					   				ind_est_cpe,
					   				cod_motivo,
					   				cod_usuregis,   
					   				fec_regis,
					   				ind_vigente
					   				)
									values(
									#numeTicket#, 
									#tipoComprobante#,
									#serieComprobante#,       
									#numeComprobanteDesde#,
									#numeComprobanteHasta#,         
									#fechaEmision#,
									#tipoDocumentoIdentidad#,
									#numeroDocuIdencliente#,
									#nombreCliente#,                                                                                                                                                                                      
									#moneda#,
									#tipoComprobanteModifica#,
									#serieDocuModifica#,
									#numeCompModiDesde#,
									#numeCompModiHasta#,
									#montoVentaGravada#,
									#montoVentaExonerada#,
									#montoVentaInafecta#,
									#montoIsc#,
									#montoIgvIpm#,
									#montoOtros#,
									#montoTotal#,
									#indicadorEstado#,
									#codiMotivo#,
									#usuarioRegistra#,   
									#fechaRegistro#,
									#indicadorVigente#)
	</insert>	
	
	<update id="actualizarVigenciaContingenciaDetalle" parameterClass="T5675Bean">
		UPDATE 	t5676contincpe_det
		SET	   	t5676contincpe_det.ind_vigente = #indicadorVigente#	
		FROM   	t5675contincpe, t5676contincpe_det
		WHERE  	t5675contincpe.num_ticket = t5676contincpe_det.num_ticket  
		AND		t5675contincpe.num_ruc = #numeRuc#
		AND		t5675contincpe.fec_contin = #fechaContingencia# 		
	</update>
	
	
	<parameterMap id="findByRucAndIDParams" class="java.util.Map">
		<parameter property="numRuc" javaType="java.lang.String" />
		<parameter property="codCP" javaType="java.lang.String" />
		<parameter property="serieCP" javaType="java.lang.String" />
		<parameter property="numCPI" javaType="java.lang.String" />
		<parameter property="numCPF" javaType="java.lang.String" />
	</parameterMap>
	<select id="findCompContingByRucAndIDParams" parameterMap="findByRucAndIDParams" resultClass="T5676Bean">
	SELECT 
			t5676contincpe_det.num_ticket numeTicket, 
			cod_cp tipoComprobante,
			num_serie_cp serieComprobante,       
			num_inicial_cp numeComprobanteDesde,
			num_final_cp numeComprobanteHasta,         
			fec_emision fechaEmision,
			cod_docide_recep tipoDocumentoIdentidad,
			num_docide_recep numeroDocuIdencliente,
			des_nombre_recep nombreCliente,                                                                                                                                                                                      
			cod_moneda moneda, 
			cod_cp_modif tipoComprobanteModifica,
			num_serie_cp_modif serieDocuModifica,
			num_inicial_cp_mod numeCompModiDesde,
			num_final_cp_modif numeCompModiHasta,
			mto_ven_gra montoVentaGravada,
			mto_ven_exo montoVentaExonerada,
			mto_ven_ina montoVentaInafecta,
			mto_isc montoIsc,
			mto_igv_ipm montoIgvIpm,
			mto_otr montoOtros,
			mto_tot montoTotal,
			ind_est_cpe indicadorEstado,
			cod_motivo codiMotivo,
			t5676contincpe_det.cod_usuregis usuarioRegistra,   
			t5676contincpe_det.fec_regis fechaRegistro,
			t5676contincpe_det.ind_vigente indicadorVigente,
			t5675contincpe.num_ticket
			FROM t5676contincpe_det,t5675contincpe
			WHERE 
			t5676contincpe_det.num_ticket = t5675contincpe.num_ticket
			AND	num_ruc = ? 
			AND cod_cp = ?
			AND num_serie_cp = ? 
			AND num_inicial_cp = ? 
			AND num_final_cp=?
	</select>
	
	
	
	<select id="findCompContingByValidParams" parameterClass="T5676QueryParameterBean" resultClass="T5676Bean">
	SELECT 
			t5676contincpe_det.num_ticket numeTicket,
			cod_cp tipoComprobante,
			num_serie_cp serieComprobante,
			num_inicial_cp numeComprobanteDesde,
			num_final_cp numeComprobanteHasta,
			fec_emision fechaEmision,
			cod_docide_recep tipoDocumentoIdentidad,
			num_docide_recep numeroDocuIdencliente,
			des_nombre_recep nombreCliente,
			cod_moneda moneda,
			cod_cp_modif tipoComprobanteModifica,
			num_serie_cp_modif serieDocuModifica,
			num_inicial_cp_mod numeCompModiDesde,
			num_final_cp_modif numeCompModiHasta,
			mto_ven_gra montoVentaGravada,
			mto_ven_exo montoVentaExonerada,
			mto_ven_ina montoVentaInafecta,
			mto_isc montoIsc,
			mto_igv_ipm montoIgvIpm,
			mto_otr montoOtros,
			mto_tot montoTotal,
			ind_est_cpe indicadorEstado,
			cod_motivo codiMotivo,
			t5676contincpe_det.cod_usuregis usuarioRegistra,   
			t5676contincpe_det.fec_regis fechaRegistro,
			t5676contincpe_det.ind_vigente indicadorVigente,
			t5675contincpe.num_ticket
			FROM t5676contincpe_det,t5675contincpe
			WHERE 
			t5676contincpe_det.num_ticket = t5675contincpe.num_ticket
			AND t5675contincpe.ind_vigente = '1'
			AND	num_ruc = #numeroRUC# 
			AND cod_cp = #tipoComprobante#
			AND num_serie_cp = #serieComprobante# 
			AND fec_emision=#fechaEmision#
			<isEqual prepend="AND" 
			             property="tipoComprobante" 
			             compareValue="01">
			    (   cod_docide_recep = #tipoDocumentoIdentidad# 
			    AND num_docide_recep = #numeroDocuIdencliente#
			    AND num_inicial_cp IN 
                    <iterate property="numeComprobante"
                         open="(" close=")"
                         conjunction=",">
                           #numeComprobante[]#
                    </iterate>
			    )
			</isEqual>  
			<isEqual prepend="AND" 
			             property="tipoComprobante" 
			             compareValue="03">  
			             (num_inicial_cp IN
					<iterate property="numeComprobante"
                         open="(" close=")"
                         conjunction=",">
                           #numeComprobante[]#
                    </iterate>
                    )
			</isEqual>
			
			<isEqual prepend="AND" 
			             property="tipoComprobante" 
			             compareValue="07">  
			             (num_inicial_cp IN 
					<iterate property="numeComprobante"
                         open="(" close=")"
                         conjunction=",">
                           #numeComprobante[]#
                    </iterate>
                    )
			</isEqual>
			<isEqual prepend="AND" 
			             property="tipoComprobante" 
			             compareValue="08">  
			             (num_inicial_cp IN 
			        <iterate property="numeComprobante"
                         open="(" close=")"
                         conjunction=",">
                           #numeComprobante[]#
                    </iterate>
                    )
			</isEqual>  
			<isEqual prepend="AND" 
			             property="tipoComprobante" 
			             compareValue="12">
			       (#numeComprobanteDesde#>= num_inicial_cp  ) 
			   AND (num_final_cp >= #numeComprobanteDesde# )
			</isEqual> 
	</select>
</sqlMap>