<?xml version="1.0" encoding="UTF-8" ?>
<!DOCTYPE sqlMap PUBLIC "-//ibatis.apache.org//DTD SQL Map 2.0//EN"
"http://ibatis.apache.org/dtd/sql-map-2.dtd">

<sqlMap namespace="Ddp">
	<cacheModel id="ddp-cache" type="LRU" readOnly="true">
		<flushInterval hours="12" />
		<property name="size" value="10000" />
	</cacheModel>

	<typeAlias alias="DdpBean"
		type="pe.gob.sunat.servicio2.registro.model.domain.DdpBean" />

	<select id="findByPK" resultClass="java.util.HashMap">
		SELECT ddp_lllttt, ddp_nombre, ddp_numruc,
		ddp_numreg, ddp_tpoemp, ddp_tamano, ddp_mclase,
		ddp_ciiu, ddp_ubigeo, ddp_nomvia, ddp_numer1,
		ddp_inter1, ddp_nomzon, ddp_refer1, ddp_flag22,
		ddp_estado, ddp_tipvia, ddp_tipzon, ddp_identi, ddp_fecalt
		FROM ddp
		WHERE ddp_numruc = #numruc#
   </select>

	<select id="findByPKDirecc" resultClass="java.util.HashMap">
		SELECT ddp_lllttt,ddp_nombre,ddp_numruc,
		ddp_numreg,ddp_tpoemp,ddp_tamano,ddp_mclase,
		ddp_ciiu,ddp_ubigeo,ddp_nomvia,ddp_numer1,
		ddp_inter1,ddp_nomzon,ddp_refer1,ddp_flag22,
		ddp_estado,ddp_tipvia,ddp_tipzon,ddp_identi,ddp_fecalt,
		ddp_fecact,ddp_fecbaj,
		num_kilom,num_manza,num_depar,num_lote
		FROM ddp, outer t1144datcon
		WHERE ddp_numruc = #numruc# AND ddp_numruc = num_ruc
		<isNotNull prepend="AND" property="estado">
			ddp_estado!=#estado#
     	</isNotNull>
	</select>

	<select id="findByRUCActivo" parameterClass="String"
		resultClass="java.lang.Integer">
		SELECT COUNT(*) AS rucActivo
		FROM ddp
		WHERE ddp_numruc = #numeroDeRUC#
		AND ddp_estado = "00"
		AND ddp_flag22 = "00"
	</select>

	<select id="findByNroRUC" parameterClass="String" resultClass="DdpBean">
		select
		ddp_lllttt ,
		ddp_secuen ,
		ddp_nombre ,
		ddp_numruc ,
		ddp_numreg ,
		ddp_tpoemp ,
		ddp_tamano ,
		ddp_identi ,
        ddp_fecalt ,
        ddp_fecact,
        ddp_fecbaj,
		ddp_ciiu ,
		ddp_ubigeo ,
		ddp_nomvia ,
		ddp_numer1 ,
		ddp_inter1 ,
		ddp_nomzon ,
		ddp_refer1 ,
		ddp_flag22 ,
		ddp_estado ,
		ddp_tipvia ,
		ddp_tipzon ,
		ddp_doble ,
		ddp_mclase ,
		ddp_reacti ,
		ddp_userna 
		from ddp
		where ddp_numruc = #nroRUC# 		
	</select>

	<insert id="insert">
		INSERT INTO ddp
		(ddp_lllttt,ddp_secuen,ddp_nombre,ddp_numruc,ddp_numreg,ddp_tpoemp,ddp_tamano,ddp_identi,ddp_ciiu,ddp_ubigeo,
		ddp_nomvia,ddp_numer1,ddp_inter1,ddp_nomzon,ddp_refer1,ddp_flag22,ddp_estado,ddp_fecalt,ddp_fecbaj,ddp_tipvia,
		ddp_tipzon,ddp_doble,ddp_mclase,ddp_reacti,ddp_userna,ddp_fecact)
		values
		(#ddp_lllttt#,#ddp_secuen#,#ddp_nombre#,#ddp_numruc#,#ddp_numreg#,#ddp_tpoemp#,#ddp_tamano#,#ddp_identi#,#ddp_ciiu#,#ddp_ubigeo#,
		#ddp_nomvia#,#ddp_numer1#,#ddp_inter1#,#ddp_nomzon#,#ddp_refer1#,#ddp_flag22#,#ddp_estado#,#ddp_fecalt#,#ddp_fecbaj#,#ddp_tipvia#,
		#ddp_tipzon#,#ddp_doble#,#ddp_mclase#,#ddp_reacti#,#ddp_userna#,#ddp_fecact#)
	</insert>
	
	<update id="updateDirecc">
		UPDATE ddp
		SET ddp_refer1=#ddp_refer1#, ddp_userna=#ddp_userna# , ddp_fecact=#ddp_fecact#
		WHERE
		ddp_numruc = #ddp_numruc#
	</update>
	
	<select id="recuperaDependencia" parameterClass="java.lang.String" resultClass="java.lang.String">
		SELECT	 
				ddp_numreg 
		FROM ddp 
		WHERE ddp_numruc = #numRUC#
	</select>
	
	<select id="findNumregCiiuByPK" parameterClass="java.lang.String" resultClass="java.util.HashMap">
		SELECT ddp_numruc, ddp_numreg, ddp_ciiu
		FROM ddp
		WHERE ddp_numruc = #numruc#
   </select>
   
	<select id="findWithDdsNroDoc" parameterClass="java.lang.String" resultClass="java.util.HashMap">
		SELECT ddp_numruc, ddp_numreg, ddp_ciiu  
		FROM dds, ddp   
		WHERE ddp_numruc = dds_numruc  
			AND dds_docide IN ('1','9')  
			AND length(dds_numruc) = 11  
			AND dds_nrodoc = #dds_nrodoc#
   </select>

	<update id="updateFlag22">
		UPDATE DDP 
		SET ddp_flag22=#flag22#, ddp_userna=#usuario#, ddp_fecact=current    
		WHERE ddp_numruc=#ddp_numruc#
   </update>
	<select id="findByNroRUCMD" parameterClass="String" resultClass="DdpBean">
		select
		ddp_lllttt ,
		ddp_secuen ,
		ddp_nombre ,
		ddp_numruc ,
		ddp_numreg ,
		ddp_tpoemp ,
		ddp_tamano ,
		ddp_identi ,        
		ddp_ciiu ,
		ddp_ubigeo ,
		ddp_nomvia ,
		ddp_numer1 ,
		ddp_inter1 ,
		ddp_nomzon ,
		ddp_refer1 ,
		ddp_flag22 ,
		ddp_estado ,
		ddp_tipvia ,
		ddp_tipzon ,
		ddp_doble ,
		ddp_mclase ,
		ddp_reacti ,
		ddp_userna 
		from ddp
		where ddp_numruc = #nroRUC# 		
	</select>
	
	<select id="findByPKws" resultClass="java.util.HashMap">
		SELECT 
		ddp_lllttt , 
		ddp_nombre , 
		ddp_numruc , 
		ddp_numreg , 
		ddp_tpoemp , 
		ddp_identi , 
		ddp_ciiu   , 
		ddp_ubigeo , 
		ddp_nomvia , 
		ddp_numer1 , 
		ddp_inter1 , 
		ddp_nomzon , 
		ddp_refer1 , 
		ddp_flag22 , 
		ddp_estado , 
		ddp_fecalt , 
		ddp_fecbaj , 
		ddp_tipvia , 
		ddp_tipzon , 
		ddp_fecact 
		FROM ddp 
		WHERE ddp_numruc = #ddp_numruc# AND ddp_estado != #ddp_estado#
	</select>
</sqlMap>
