<?xml version="1.0" encoding="UTF-8" ?>
<!DOCTYPE sqlMap PUBLIC "-//ibatis.apache.org//DTD SQL Map 2.0//EN"
"http://ibatis.apache.org/dtd/sql-map-2.dtd">

<sqlMap namespace="Dds">
  
  <cacheModel id="dds-cache" type="LRU" readOnly="true">
      <flushInterval hours="12"/>
      <property name="size" value="10000" />
  </cacheModel>
  
	<typeAlias alias="DdsBean" type="pe.gob.sunat.servicio2.registro.model.domain.DdsBean" />
  
  <select id="findByTipNumDoc" resultClass="java.util.HashMap">
     SELECT ddp_numruc,dds_nrodoc,ddp_nombre,dds_docide,ddp_estado
     FROM dds, ddp
     WHERE ddp_numruc = dds_numruc and dds_docide = #tipDoc#
     		and dds_nrodoc =#numDoc#
   </select>
  
	<select id="findByRUC" parameterClass="String" resultClass="DdsBean">
		SELECT  dds_numruc  as  dds_numruc ,
				dds_telef1  as  dds_telef1 ,
				dds_telef2  as  dds_telef2 ,
				dds_telef3  as  dds_telef3 ,
				dds_numfax  as  dds_numfax ,
				dds_pasapo  as  dds_pasapo ,
				dds_licenc  as  dds_licenc ,
				dds_contab  as  dds_contab ,
				dds_factur  as  dds_factur ,
				dds_consti  as  dds_consti ,
				dds_ficha   as  dds_ficha  ,
				dds_inicio  as  dds_inicio ,
				dds_cierre  as  dds_cierre ,
				dds_fecven  as  dds_fecven ,
				dds_califi  as  dds_califi ,
				dds_domici  as  dds_domici ,
				dds_orient  as  dds_orient ,
				dds_patron  as  dds_patron ,
				dds_ejempl  as  dds_ejempl ,
				dds_motemi  as  dds_motemi ,
				dds_nomcom  as  dds_nomcom ,
				dds_aparta  as  dds_aparta ,
				dds_paispa  as  dds_paispa ,
				dds_nfolio  as  dds_nfolio ,
				dds_asient  as  dds_asient ,
				dds_comext  as  dds_comext ,
				dds_centro  as  dds_centro ,
				dds_motbaj  as  dds_motbaj ,
				dds_docide  as  dds_docide ,
				dds_nrodoc  as  dds_nrodoc ,
				dds_sexo    as  dds_sexo   ,
				dds_nacion  as  dds_nacion ,
				dds_fecnac  as  dds_fecnac ,
				dds_userna  as  dds_userna ,
				dds_fecact  as  dds_fecact 
		FROM dds 
		WHERE dds_numruc = #numeroDeRUC# 
	</select>
	
	<select id="findByRUC_Map" parameterClass="java.lang.String" resultClass="java.util.HashMap">
		SELECT  dds_numruc  as  dds_numruc ,
				dds_telef1  as  dds_telef1 ,
				dds_telef2  as  dds_telef2 ,
				dds_telef3  as  dds_telef3 ,
				dds_numfax  as  dds_numfax ,
				dds_pasapo  as  dds_pasapo ,
				dds_licenc  as  dds_licenc ,
				dds_contab  as  dds_contab ,
				dds_factur  as  dds_factur ,
				dds_consti  as  dds_consti ,
				dds_ficha   as  dds_ficha  ,
				dds_inicio  as  dds_inicio ,
				dds_cierre  as  dds_cierre ,
				dds_fecven  as  dds_fecven ,
				dds_califi  as  dds_califi ,
				dds_domici  as  dds_domici ,
				dds_orient  as  dds_orient ,
				dds_patron  as  dds_patron ,
				dds_ejempl  as  dds_ejempl ,
				dds_motemi  as  dds_motemi ,
				dds_nomcom  as  dds_nomcom ,
				dds_aparta  as  dds_aparta ,
				dds_paispa  as  dds_paispa ,
				dds_nfolio  as  dds_nfolio ,
				dds_asient  as  dds_asient ,
				dds_comext  as  dds_comext ,
				dds_centro  as  dds_centro ,
				dds_motbaj  as  dds_motbaj ,
				dds_docide  as  dds_docide ,
				dds_nrodoc  as  dds_nrodoc ,
				dds_sexo    as  dds_sexo   ,
				dds_nacion  as  dds_nacion ,
				dds_fecnac  as  dds_fecnac ,
				dds_userna  as  dds_userna ,
				dds_fecact  as  dds_fecact 
		FROM dds 
		WHERE dds_numruc = #numRuc# 
	</select>

	<insert id="insert">
		INSERT INTO dds (
		dds_numruc, dds_telef1, dds_telef2,
		dds_telef3, dds_numfax, dds_pasapo,
		dds_licenc, dds_contab, dds_factur,
		dds_consti, dds_ficha, dds_inicio,
		dds_cierre, dds_fecven, dds_califi,
		dds_domici, dds_orient, dds_patron,
		dds_ejempl, dds_motemi, dds_nomcom,
		dds_aparta, dds_paispa, dds_nfolio,
		dds_asient, dds_comext, dds_centro,
		dds_motbaj, dds_docide, dds_nrodoc,
		dds_sexo, dds_nacion, dds_fecnac,
		dds_userna, dds_fecact)
		VALUES
		(#dds_numruc#,#dds_telef1#,#dds_telef2#,#dds_telef3#,#dds_numfax#,#dds_pasapo#,
		#dds_licenc#,#dds_contab#,#dds_factur#,#dds_consti#,#dds_ficha#,#dds_inicio#,
		#dds_cierre#,#dds_fecven#,#dds_califi#,#dds_domici#,#dds_orient#,#dds_patron#,
		#dds_ejempl#,#dds_motemi#,#dds_nomcom#,#dds_aparta#,#dds_paispa#,#dds_nfolio#,
		#dds_asient#,#dds_comext#,#dds_centro#,#dds_motbaj#,#dds_docide#,#dds_nrodoc#,
		#dds_sexo#,#dds_nacion#,#dds_fecnac#,#dds_userna#,#dds_fecact#)
	</insert>
	
	<select id="findByTipDocNumDoc" parameterClass="java.util.HashMap" resultClass="DdsBean">
		SELECT	dds_numruc, 
				dds_telef1, 
				dds_telef2, 
				dds_telef3, 
				dds_numfax, 
				dds_pasapo, 
				dds_licenc, 
				dds_contab, 
				dds_factur, 
				dds_ficha, 
				dds_cierre, 
				dds_califi, 
				dds_domici, 
				dds_orient, 
				dds_patron, 
				dds_ejempl, 
				dds_motemi, 
				dds_nomcom, 
				dds_aparta, 
				dds_paispa,
				dds_nfolio, 
				dds_asient, 
				dds_comext, 
				dds_centro, 
				dds_motbaj, 
				dds_nrodoc, 
				dds_sexo, 
				dds_nacion 
		FROM DDS WHERE dds_docide = #docide# 
		AND dds_nrodoc = #numDoc#
	</select>
	
	<select id="buscarPorTipoDocNumDoc" parameterClass="java.util.HashMap" resultClass="java.util.HashMap">
		SELECT	dds_numruc, 
				dds_telef1, 
				dds_telef2, 
				dds_telef3, 
				dds_numfax, 
				dds_pasapo, 
				dds_licenc, 
				dds_contab, 
				dds_factur, 
				dds_consti, 
				dds_ficha, 
				dds_inicio, 
				dds_cierre, 
				dds_fecven, 
				dds_califi, 
				dds_domici, 
				dds_orient, 
				dds_patron, 
				dds_ejempl, 
				dds_motemi, 
				dds_nomcom, 
				dds_aparta, 
				dds_paispa,
				dds_nfolio, 
				dds_asient, 
				dds_comext, 
				dds_centro, 
				dds_motbaj, 
				dds_docide, 
				dds_nrodoc, 
				dds_sexo, 
				dds_nacion, 
				dds_fecnac 
		FROM DDS WHERE dds_docide = #tipo_doc# 
		AND dds_nrodoc = #num_doc#
	</select>	
	
	<!-- ECR 20-01-12 -->
	<select id="joinWithDdpDocumentoIdentidad" resultClass="java.util.HashMap">
		SELECT	ddp_numruc, 
				dds_nomcom,
				dds_docide, 
				ddp_nombre, 
				ddp_ubigeo, 
				ddp_estado
		FROM dds, ddp 
		WHERE ddp_numruc = dds_numruc
		AND dds_docide = #tipo_doc#
		AND dds_nrodoc = #num_doc#
	</select>
	
	<!-- ECR 09-10-12 -->
	<select id="findByRucJoinT1144ws" resultClass="java.util.HashMap">
		SELECT 
			dds_numruc , 
			dds_telef1 , 
			dds_telef2 , 
			dds_telef3 , 
			dds_numfax , 
			dds_pasapo , 
			dds_licenc , 
			dds_contab , 
			dds_factur , 
			dds_consti , 
			dds_ficha , 
			dds_inicio , 
			dds_cierre , 
			dds_fecven , 
			dds_califi , 
			dds_domici , 
			dds_orient , 
			dds_patron , 
			dds_ejempl , 
			dds_motemi , 
			dds_nomcom , 
			dds_aparta , 
			dds_paispa , 
			dds_nfolio , 
			dds_asient , 
			dds_comext , 
			dds_centro , 
			dds_motbaj , 
			dds_docide , 
			dds_nrodoc , 
			dds_sexo , 
			dds_nacion , 
			dds_fecnac , 
			num_telef1 , 
			num_telef2 , 
			num_telef3 , 
			num_fax 
		FROM DDS, outer t1144datcon, ddp 
		WHERE dds_numruc = #dds_numruc# 
		AND dds_numruc = num_ruc 
		AND dds_numruc=ddp_numruc 
		AND ddp_estado != #ddp_estado#
	</select>
	<select id="findFechaIniActByRuc" resultClass="java.util.HashMap">
		SELECT dds_numruc, dds_inicio
		FROM Dds
		WHERE dds_numruc = #numruc#
	</select>	
	<select id="findCondDomicFiscalByRuc" resultClass="java.util.HashMap">
		SELECT dds_numruc, dds_domici
		FROM Dds
		WHERE dds_numruc = #numruc#
	</select>
	
</sqlMap>