<?xml version="1.0" encoding="UTF-8" ?>
<!DOCTYPE sqlMap PUBLIC "-//ibatis.apache.org//DTD SQL Map 2.0//EN"
"http://ibatis.apache.org/dtd/sql-map-2.dtd">

<sqlMap namespace="T01">

  <cacheModel id="param-cache" type="LRU" readOnly="true">
  	<flushInterval hours="1"/>
	<flushOnExecute  statement="T01.insertT01"/>
	<flushOnExecute  statement="T01.updateT01"/>
  	<property name="size" value="10000" />
  </cacheModel>

  

	<typeAlias alias="T01Bean" type="pe.gob.sunat.servicio2.registro.model.domain.T01Bean" />

	<select id="findByNumeroArgumento" parameterClass="T01Bean"  resultClass="T01Bean">
		SELECT  t01_argumento as argumento, 
		        t01_funcion   as funcion, 
		        t01_numero as numero, 
				t01_tipo as tipo 			
		FROM t01param
		WHERE t01_numero    = #numero# 
		AND   t01_argumento = #argumento# 
	    AND   t01_tipo = "D"
	</select>
    
	
  <insert id="insertT01" parameterClass="T01Bean">
  	INSERT INTO t01param(
  		t01_numero,
  		t01_tipo,
  		t01_argumento,
  		t01_funcion,
  		t01_user,
  		t01_factualiz,
  		t01_hora
  	) 
  	VALUES(
  		#numero#,
  		#tipo#,
  		#argumento#,
  		#funcion#,
  		#usuarioActualizacion#,
  		#factualiz#,
  		#horaActualizacion#	
  	)
  </insert>
  
  <update id="updateT01" parameterClass="T01Bean">
  	UPDATE t01param
  	SET    t01_funcion=#funcion#,
  		   t01_user=#usuarioActualizacion#,
  		   t01_factualiz=#factualiz#,
  		   t01_hora=#horaActualizacion#	
  	WHERE  t01_numero=#numero#
  	AND	   t01_argumento=#argumento#
  	AND   t01_tipo = "D"
  </update>  

  <select id="findParamByNumero" parameterClass="java.lang.String" resultClass="T01Bean">
  	SELECT 	t01_argumento as argumento,
  			t01_numero as numero,
  			t01_tipo as tipo,
  			t01_funcion as funcion,
  			t01_user as usuarioActualizacion,
  			t01_factualiz as factualiz,
  			t01_hora as horaActualizacion
	FROM	t01param
	WHERE 	t01_numero=#value#
	AND 	t01_tipo="D"
  </select>
	
  <!-- Inicio Sentencias EXCLUSIVAS para MANTENIMIENTO DE AGENCIAS BANCARIAS para Pago en Linea -->			
  <select id="findAgenciasByCodBanco"  parameterClass="java.lang.String" resultClass="java.lang.String">
    SELECT t01_argumento[3,5]
    FROM t01param
    WHERE t01_numero='021'
    AND t01_tipo='D'
    AND t01_argumento[1,2]=#value#
    ORDER BY t01_argumento[3,5]
  </select>
  
  <select id="findMaxPDT" resultClass="java.lang.String">
	SELECT MAX(t01_funcion[15,22]) 
	FROM t01param
	WHERE t01_numero='360'
	AND t01_tipo='D'
	AND t01_funcion[9]=' '
	AND t01_funcion[15,22] <![CDATA[<]]> '40000000'  
  </select>	  	

  <select id="findCodBancoCodAgencia" parameterClass="T01Bean" resultClass="T01Bean">
  	SELECT t01_argumento as argumento,
		   t01_funcion   as funcion			 
  	FROM t01param
	WHERE t01_numero='021'
	AND t01_tipo='D'	
	AND t01_argumento[1,2]=#argumento#
	AND t01_funcion[46,51]=#funcion#
	<dynamic>
		<isNotEmpty property="activo">
			AND t01_funcion[44]=#activo#
		</isNotEmpty>
	</dynamic>
  </select>	

  <select id="findAgenciaByNombreUbigeo" parameterClass="java.util.Map" resultClass="T01Bean">
  	SELECT t01_argumento as argumento,
		   t01_funcion   as funcion			 
  	FROM t01param
	WHERE t01_numero='021'
	AND t01_tipo='D'
	AND t01_funcion[44]='1'	
	AND t01_argumento[1,2]=#codigoBanco#
	<dynamic>
		<isNotEmpty property="nombre">
			AND t01_funcion[1,30] like '%$nombre$%'
		</isNotEmpty>
		<isNotEmpty property="ubigeo">
			AND t01_funcion[32,37]=#ubigeo#
		</isNotEmpty>
	</dynamic>
	ORDER BY t01_argumento
  </select>	
  
	<select id="findParam360ByArgumento" parameterClass="T01Bean"  resultClass="java.util.HashMap" >
		SELECT  t01_argumento[8,9] as ipunto,
				t01_funcion[1,8] as inicio,
				t01_funcion[15,22] as fin,
				t01_funcion[29,36] as tamano			
		FROM t01param
		WHERE t01_numero    = '360'
		AND   t01_tipo = "D" 
		AND   t01_argumento[1,6] = #argumento# 
		ORDER BY t01_argumento[8,9]
	</select>
  
  <select id="findAgenciasxUbigeoByCodBanco" parameterClass="java.lang.String" resultClass="java.util.HashMap">
	SELECT a.t01_funcion[32,37] as ubigeo, 
		   b.t01_funcion[1,30] as descUbigeo, 
		   count(*) as cantidadAgencias
	FROM t01param a, t01param b
	WHERE a.t01_numero='021'
	AND b.t01_numero='001'
	AND a.t01_tipo='D'
	AND b.t01_tipo='D'
	AND	a.t01_argumento[1,2]=#value#
	AND a.t01_funcion[32,37]=b.t01_argumento
	AND a.t01_funcion[44]='1'
	GROUP BY a.t01_funcion[32,37], b.t01_funcion[1,30]
	ORDER BY 1	
  </select>
  
  <select id="countParamModificados" parameterClass="java.lang.String" resultClass="java.lang.Integer">
    SELECT COUNT(*) 
  	FROM t01param
	WHERE t01_numero=#value#
	AND ((t01_factualiz = (today-1) AND t01_hora <![CDATA[>]]> '20:00')
	OR (t01_factualiz=today AND t01_hora <![CDATA[<=]]>'20:00')) 
  </select>
  
  <select id="findModificadosDia" resultClass="T01Bean">
  	SELECT t01_argumento as argumento,
		   t01_funcion   as funcion			 
  	FROM t01param
	WHERE t01_numero='021'
	AND t01_tipo='D'
	AND ((t01_factualiz = (today-1) AND t01_hora <![CDATA[>]]> '20:00')
	OR (t01_factualiz=today AND t01_hora <![CDATA[<=]]>'20:00'))
	ORDER BY t01_argumento[1,2], t01_argumento[3,5]
  </select>	

  <select id="findModificadosDia021_360_dia" resultClass="T01Bean">
  	SELECT t01_argumento as argumento,
  			t01_numero as numero,
  			t01_tipo as tipo,
  			t01_funcion as funcion,
  			t01_user as usuarioActualizacion,
  			t01_factualiz as factualiz,
  			t01_hora as horaActualizacion		 
  	FROM t01param
	WHERE (t01_numero='021' or t01_numero='360')
	AND t01_tipo='D'
	AND ((t01_factualiz = (today-1) AND t01_hora <![CDATA[>]]> '20:00')
	OR (t01_factualiz=today AND t01_hora <![CDATA[<=]]>'20:00'))
	ORDER BY t01_argumento[1,2], t01_argumento[3,5]
  </select>	

  <select id="findModificadosDia021_360_madrugada" resultClass="T01Bean">
  	SELECT t01_argumento as argumento,
  			t01_numero as numero,
  			t01_tipo as tipo,
  			t01_funcion as funcion,
  			t01_user as usuarioActualizacion,
  			t01_factualiz as factualiz,
  			t01_hora as horaActualizacion		 
  	FROM t01param
	WHERE (t01_numero='021' or t01_numero='360')
	AND t01_tipo='D'
	AND ((t01_factualiz = (today-2) AND t01_hora <![CDATA[>]]> '20:00')
	OR (t01_factualiz= (today-1) AND t01_hora <![CDATA[<=]]>'20:00'))
	ORDER BY t01_argumento[1,2], t01_argumento[3,5]
  </select>	


  <select id="findAgenciasModificadosDiaByDependencia" parameterClass="java.lang.String" resultClass="T01Bean">
  	SELECT t01_argumento as argumento,
  			t01_numero as numero,
  			t01_tipo as tipo,
  			t01_funcion as funcion,
  			t01_user as usuarioActualizacion,
  			t01_factualiz as factualiz,
  			t01_hora as horaActualizacion		 
  	FROM t01param
	WHERE t01_numero='021'
	AND t01_tipo='D'
	AND t01_funcion[39,42]=#value#
	AND ((t01_factualiz = (today-1) AND t01_hora <![CDATA[>]]> '20:00')
	OR (t01_factualiz=today AND t01_hora <![CDATA[<=]]>'20:00'))
	ORDER BY t01_argumento[1,2], t01_argumento[3,5]
  </select>	
  
  <select id="findPuntosPDTModifDiaByDependencia" parameterClass="java.lang.String" resultClass="T01Bean">
	  SELECT 	P.t01_argumento as argumento,
	  			P.t01_numero as numero,
	  			P.t01_tipo as tipo,
	  			P.t01_funcion as funcion,
	  			P.t01_user as usuarioActualizacion,
	  			P.t01_factualiz as factualiz,
	  			P.t01_hora as horaActualizacion		 
	  FROM t01param A, t01param P
		WHERE P.t01_numero='360'
		AND A.t01_numero='021'
		AND P.t01_argumento[1,2]||P.t01_argumento[4,6]=A.t01_argumento
		AND A.t01_funcion[39,42]=#value#
		AND ((P.t01_factualiz = (today-1) AND P.t01_hora <![CDATA[>]]> '20:00')
		OR (P.t01_factualiz=today AND P.t01_hora <![CDATA[<=]]>'20:00'))
		ORDER BY argumento
	</select>

  <!-- Fin Sentencias EXCLUSIVAS para MANTENIMIENTO DE AGENCIAS BANCARIAS para Pago en Linea -->
  
  <!-- Inicio agregado fsantosl -->
  <select id="mbuscar" parameterClass="java.util.HashMap" resultClass="T01Bean">
		SELECT	t01_numero as numero, 
				t01_tipo as tipo, 
				t01_argumento as argumento, 
				t01_funcion as funcion 
		FROM t01param 
  		<dynamic prepend="WHERE t01_numero IN ">
			<iterate property="numeros" open="(" close=")" conjunction=",">
				t01_numero=#numero#
			</iterate>
   		</dynamic>
		AND t01_tipo = 'D' ORDER BY 1
   </select>
   
   <select id="findByArgumentoINfuncion" parameterClass="java.util.HashMap" resultClass="T01Bean">
		SELECT	t01_numero as numero, 
				t01_tipo as tipo, 
				t01_argumento as argumento, 
				t01_funcion as funcion 
		FROM t01param WHERE t01_numero = #numero# 
		AND t01_tipo = 'D' 
		AND t01_argumento[1,4] = #arg# 
		AND t01_funcion[10,11] = #funcion#
	</select>
	
	<select id="findByArgumentoPatron" parameterClass="T01Bean"  resultClass="T01Bean">
		SELECT  t01_numero as numero, 
				t01_tipo as tipo, 
				t01_argumento as argumento, 
				t01_funcion as funcion 
		FROM t01param 
		WHERE t01_numero = #numero#  
		AND t01_tipo = 'D' 
		AND t01_argumento MATCHES #argumento#
	</select>
	
		<select id="buscaParametroLimiteEnte" parameterClass="java.util.HashMap"  resultClass="java.util.HashMap">
		SELECT 	b.t01_argumento argumento, 
				b.t01_argumento[1,3] ente, 
				b.t01_funcion[1,12] monto, 
				b.t01_factualiz fecact, 
				b.t01_user usuario, 
				b.t01_funcion[14,21] fechaini, 
				a.desc descripcion 
		FROM 
			(SELECT t01_argumento[1,3] ente2, 
					t01_funcion[13,42] DESC 
			FROM t01param
  			WHERE t01_numero=#numero# 
    		AND t01_tipo='D'
    		AND t01_funcion[51,51]='1') a, t01param b
		WHERE	a.ente2 = b.t01_argumento[1,3]
  		AND b.t01_numero=#numero2#
  		AND b.t01_tipo='D'
  		AND b.t01_argumento[4,4]=#numero3# 
  		AND b.t01_funcion[23,30]=''
	</select>
	
	<select id="buscaParametroPorEnte" parameterClass="java.util.HashMap"  resultClass="java.util.HashMap">
		SELECT 	b.t01_argumento[1,3] ente, 
				b.t01_funcion[1,12] monto, 
				b.t01_factualiz fecact, 
				b.t01_user usuario, 
				b.t01_funcion[14,21] fechaini,
				b.t01_funcion[23,30] fechafin,  
				a.desc descripcion 
		FROM 
			(SELECT t01_argumento[1,3] ente2, 
					t01_funcion[13,42] DESC 
			FROM t01param
  			WHERE t01_numero=#numero# 
    		AND t01_tipo='D'
    		AND t01_funcion[51,51]='1') a, t01param b
		WHERE	a.ente2 = b.t01_argumento[1,3]
  		AND b.t01_numero=#numero2#
  		AND b.t01_tipo='D'
  		AND b.t01_argumento[4,4]=#numero3# 
  		AND b.t01_argumento[1,3]=#cod_ente#  
	</select>
	
	<update id="updateMontoHoy" parameterClass="java.util.HashMap">
  		UPDATE	t01param
		SET 	t01_funcion[1,12]=#nuevo_monto#
		WHERE	t01_numero=#numero2# 
		AND t01_tipo='D'
		AND t01_argumento[1,4]=#ente_tipomonto# 
		AND t01_funcion[23,30]='' 
	</update>  
	
	<update id="desacticaMontoVigente" parameterClass="java.util.HashMap">
		UPDATE	t01param 
		SET		t01_funcion[23,30]=#fec_ayer# 
		WHERE	t01_numero=#numero2# 
		AND t01_tipo='D' 
		AND t01_argumento[1,4] = #ente_tipomonto# 
		AND t01_funcion[23,30]=''
	</update>
	
	<insert id="insertNuevoMonto" parameterClass="java.util.HashMap">
		INSERT INTO t01param (	t01_numero,
								t01_tipo,
								t01_argumento,
								t01_funcion,
								t01_user,
								t01_factualiz,
								t01_hora ) 
		VALUES ('769', 'D', #nuevo_argumento#, #nueva_funcion#, #nuevo_usuario#, CURRENT, #nueva_hora#)
	</insert>
	
  <!--Fin agregado fsantosl  -->
  


    <!-- 20110922 naa- metodos  especificos  para   factura  grandes emisores - Puede  ser usado por  usados  por otros  aplicativos -->
		<cacheModel id="cacheParametroFacturaGEM" type="MEMORY" readOnly="true">
		  <flushInterval hours="24" /> 		  
		  <property name="reference-type" value="WEAK" /> 
		</cacheModel>
		
		<select id="findByNumeroArgumentoCache" parameterClass="T01Bean"  resultClass="T01Bean" cacheModel="cacheParametroFacturaGEM">
			SELECT  t01_numero  as  numero,
					t01_argumento as argumento,
			        t01_funcion   as funcion			
			FROM t01param
			WHERE t01_numero    = #numero# 
			AND   t01_argumento = #argumento# 
		    AND   t01_tipo = "D"
		</select>
		
		<select id="findByNumeroCache" parameterClass="T01Bean"  resultClass="T01Bean" cacheModel="cacheParametroFacturaGEM">
			SELECT  t01_numero  as  numero, 
			        t01_argumento as argumento,
			        t01_funcion   as funcion			
			FROM t01param
			WHERE t01_numero    = #numero# 		
		    AND   t01_tipo = "D"
		</select>
		<!--  20110922 naa-  fin de  metodos  especificos  para   factura  grandes emisores -->
		<!-- 20120613 naa- query para libros electronicos -->
		<select id="findByNumero003LibroCache" parameterClass="java.lang.String"  resultClass="java.lang.String" cacheModel="cacheParametroFacturaGEM">
			SELECT  t01_funcion[91,92]		
			FROM t01param
			WHERE t01_numero    = "003"
			AND   t01_tipo = "D"
			AND  t01_argumento = 	#value#			    
		</select>
		<!-- Area Acotadora para mostrar el desplegable	-->
		<select id="findByNumero052Dependencia" parameterClass="java.lang.String"  resultClass="T01Bean">
			SELECT t01_numero    as numero,
				   t01_argumento as argumento,
				   t01_funcion[1,60] as funcion
			FROM   t01param
			WHERE  t01_numero  = "052" 
			AND	   t01_funcion[83,86] = #value#
			AND    t01_funcion[83,86] != "0000"
		</select>
		
</sqlMap>
