<?xml version="1.0" encoding="UTF-8" ?>
<!DOCTYPE sqlMap PUBLIC "-//ibatis.apache.org//DTD SQL Map 2.0//EN"
"http://ibatis.apache.org/dtd/sql-map-2.dtd">

<sqlMap namespace="T130">
	<typeAlias alias="T130Bean" type="pe.gob.sunat.servicio2.registro.model.domain.T130Bean" />
	
	<parameterMap id="pmComprobanteKey" class="java.util.Map">
	<parameter property="numeroRuc"/>
	<parameter property="tipodocumento"/>
	<parameter property="serie"/>
	<parameter property="numdocumentodesde"/>
	<parameter property="numdocumentohasta"/>
	
  </parameterMap>  
	
	<select id="findByRUC_Serie_TipoDoc" parameterClass="T130Bean" resultClass="T130Bean">
		SELECT t130_numruc,
		       t130_serie,
		       t130_tipdoc,
		       t130_desde,
		       t130_hasta,
		       t130_userna,
		       t130_fecact
		  FROM t130detmau
		 WHERE t130_numruc = #t130_numruc# 
		   AND t130_serie = #t130_serie#
		   AND t130_tipdoc = #t130_tipdoc#
		 ORDER BY t130_desde ASC
	</select>
	
	<select id="findComprobanteAutorizado" parameterMap="pmComprobanteKey" resultClass="java.lang.Integer">
	<![CDATA[	 
		SELECT count(*)
		FROM t130detmau
		WHERE t130_numruc=?
		AND t130_tipdoc= ?
		AND t130_serie = ?
		AND t130_desde <= ?
		AND t130_hasta >= ?
     ]]>
	</select>		
	
	<!-- DCERRENO - 16/05/2015 - INICIO  -->
	<select id="getSerieAutorizada" parameterClass="T130Bean" resultClass="java.lang.Integer">
		 	SELECT 	count(1)  
		 	FROM 	t130detmau
			WHERE   t130_numruc = #t130_numruc#
			AND     t130_serie = #t130_serie#
			AND     t130_tipdoc = #t130_tipdoc#
			AND     #t130_desde# between (t130_desde)	AND  (t130_hasta) 
	</select>
	<!-- DCERRENO - 16/05/2015 - FIN  -->
  	
</sqlMap>