<?xml version="1.0" encoding="UTF-8" ?>
<!DOCTYPE sqlMap PUBLIC "-//ibatis.apache.org//DTD SQL Map 2.0//EN"
"http://ibatis.apache.org/dtd/sql-map-2.dtd">

<sqlMap namespace="T1331">
	<typeAlias alias="T1331Bean" type="pe.gob.sunat.servicio2.registro.model.domain.T1331Bean"/>


	<select id="afiliadoAlSEE" parameterClass="String" resultClass="T1331Bean">
		SELECT 
		    num_ruc AS numeroDeRUC,
		    fec_alt AS fechaDeAlta,
		    fec_inivig AS fechaIniVig ,
		    fec_finvig AS fechaFinVig,
		    tip_doc AS tipoDoc,
		    num_doc AS numeroDoc,
		    ind_est AS indEstado,
		    ind_proc AS indProceso,
		    tip_insc AS tipInscrip,
		    cod_numreg AS codRegistro,
		    num_pro AS numProceso,
		    ind_par AS indParidad,
		    cod_usuario AS codUsuario,
		    fec_act AS fecAct		
		FROM t1331rucpad 
		WHERE ind_proc = "21" 
		AND num_ruc = #nroRUC#
	</select>	
    
    <select id="findByRUC_Ind_proc" parameterClass="T1331Bean" resultClass="T1331Bean">
		SELECT 
		    num_ruc AS numeroDeRUC,
		    fec_alt AS fechaDeAlta,
		    fec_inivig AS fechaIniVig ,
		    fec_finvig AS fechaFinVig,
		    tip_doc AS tipoDoc,
		    num_doc AS numeroDoc,
		    ind_est AS indEstado,
		    ind_proc AS indProceso,
		    tip_insc AS tipInscrip,
		    cod_numreg AS codRegistro,
		    num_pro AS numProceso,
		    ind_par AS indParidad,
		    cod_usuario AS codUsuario,
		    fec_act AS fecAct		
		FROM t1331rucpad 
		WHERE ind_proc = #indProceso# 
		AND num_ruc = #numeroDeRUC#
	</select>	
    
    <select id="findAfiliacionesByRUCAfiliado" parameterClass="String" resultClass="T1331Bean">
		SELECT ind_proc AS indProceso 
		FROM t1331rucpad 
		WHERE ind_proc IN ("21","22")
		AND num_ruc = #numeroDeRUC#
	</select>
		
	
	<select id="findByRUCIngresoMaximoAfiliacion" parameterClass="String" resultClass="java.lang.Integer">
		SELECT COUNT(*) AS ingresoMinimo
		FROM t1331rucpad 
		WHERE ind_proc IN ("24")
		AND num_ruc = #numeroDeRUC#
	</select>
	
	<insert id="insertar" parameterClass="T1331Bean">
		INSERT INTO t1331rucpad (
		    num_ruc,
		    fec_alt,
		    fec_inivig,
		    fec_finvig,
		    tip_doc,
		    num_doc,
		    ind_est,
		    ind_proc,
		    tip_insc,
		    cod_numreg,
		    num_pro,
		    ind_par,
		    cod_usuario,
		    fec_act)
    	VALUES (
			#numeroDeRUC#,
		    #fechaDeAlta#,
		    #fechaIniVig#,
		    #fechaFinVig#,
		    #tipoDoc#,
		    #numeroDoc#,
		    #indEstado#,
		    #indProceso#,
		    #tipInscrip#,
		    #codRegistro#,
		    #numProceso#,
		    #indParidad#,
		    #codUsuario#,
		    #fecAct#)
	</insert>
	
    	
	<parameterMap id="pmByPrimaryKey" class="java.util.Map">
	<parameter property="numeroRuc"/>
	<parameter property="indicadorProceso"/>
	<parameter property="estado"/>
  </parameterMap>  
	<select id="findByRUCProcesoEstadoAfiliacion" parameterMap="pmByPrimaryKey" resultClass="T1331Bean">
		SELECT 
		    num_ruc as numeroDeRUC,
		    fec_alt as fechaDeAlta,
		    fec_inivig as fechaIniVig,
		    fec_finvig as fechaFinVig,
		    tip_doc as tipoDoc,
		    num_doc as numeroDoc,
		    ind_est as indEstado,
		    ind_proc as indProceso,
		    tip_insc as tipInscrip,
		    cod_numreg as codRegistro,
		    num_pro as numProceso,
		    ind_par as indParidad,
		    cod_usuario as codUsuario,
		    fec_act as fecAct		
		FROM t1331rucpad 
		WHERE num_ruc  = ?  AND 
		ind_proc  = ?  AND
		ind_est = ?
	</select>	

	<delete id="delete">
		Delete From T1331rucpad where num_ruc=#num_ruc# and ind_proc=#ind_proc#
	</delete>
	
	<select id="countCodISC" parameterClass="java.util.HashMap" resultClass="java.lang.Integer">		
		SELECT  COUNT(*)
		FROM vfp
		WHERE  vfp_numruc = #numRuc# AND 
		vfp_codtri[1,2]="02"
		AND vfp_esta_a="0"
		AND vfp_esta_e="1"
		AND vfp_esta_c="1"		
	</select>
	
	<select id="esAgentePercepcion"  parameterClass="java.util.HashMap" resultClass="java.lang.String"> 
		SELECT num_ruc
		FROM t1331rucpad
		WHERE num_ruc = #numRuc#
		AND ind_proc=9
		AND ind_est ="00"			
	</select>
	
	<update id="actualizarEstado" parameterClass="java.util.HashMap">
		UPDATE t1331rucpad SET ind_est = #indEstado# WHERE num_ruc = #numRuc# and ind_proc = #indProc#  
	</update>
	
	<update id="updateEstadoCertificado" parameterClass="java.util.HashMap">
		UPDATE t4535certificado SET ind_estado_cert = #indEstadoCert#, fec_modif=CURRENT, cod_usumodif=#usuModif#
		WHERE num_ruc=#numRuc# AND  num_serie_certif = #numSerieCertif# 			
  	</update>
	
	<select id="findByRucEstadoProceso" parameterClass="java.util.HashMap" resultClass="T1331Bean">
		SELECT num_ruc as numeroDeRUC,
		    fec_alt as fechaDeAlta,
		    fec_inivig as fechaIniVig,
		    fec_finvig as fechaFinVig,
		    tip_doc as tipoDoc,
		    num_doc as numeroDoc,
		    ind_est as indEstado,
		    ind_proc as indProceso,
		    tip_insc as tipInscrip,
		    cod_numreg as codRegistro,
		    num_pro as numProceso,
		    ind_par as indParidad,
		    cod_usuario as codUsuario,
		    fec_act as fecAct		
		 FROM t1331rucpad 
		 WHERE num_ruc = #numRuc# AND ind_est = #indEstado# AND ind_proc = #indProc#
	</select>

	<select id="findByRucEstadoProceso1" parameterClass="java.util.HashMap" resultClass="java.lang.Integer">
		SELECT Count(*)	
		 FROM t1331rucpad 
		 WHERE num_ruc = #numRuc# AND ind_est = #indEstado# AND ind_proc = #indProceso#
	</select>
	<select id="findByRUCIndProc" resultClass="java.util.HashMap">
		SELECT 
		    num_ruc, 
		    fec_alt, 
		    fec_inivig,
		    fec_finvig,
		    tip_doc,
		    num_doc,
		    ind_est,
		    ind_proc,
		    tip_insc,
		    cod_numreg,
		    num_pro,
		    ind_par,
		    cod_usuario,
		    fec_act		
		FROM t1331rucpad 
		WHERE ind_proc = #indProceso# 
		AND num_ruc = #numeroDeRUC#
	</select>
	
	<!-- Ini PAS20175E210300094 -->
	<select id="select" parameterClass="T1331Bean" resultClass="T1331Bean">
		SELECT 
		    num_ruc AS numeroDeRUC,
		    fec_alt AS fechaDeAlta,
		    fec_inivig AS fechaIniVig ,
		    fec_finvig AS fechaFinVig,
		    tip_doc AS tipoDoc,
		    num_doc AS numeroDoc,
		    ind_est AS indEstado,
		    ind_proc AS indProceso,
		    tip_insc AS tipInscrip,
		    cod_numreg AS codRegistro,
		    num_pro AS numProceso,
		    ind_par AS indParidad,
		    cod_usuario AS codUsuario,
		    fec_act AS fecAct		
		FROM t1331rucpad 
		<dynamic prepend="where">	
		 	<isNotNull prepend="AND" property="numeroDeRUC">	 
				num_ruc = #numeroDeRUC#
		 	</isNotNull> 
		 	<isNotNull prepend="AND" property="indProceso">	 
				ind_proc = #indProceso#
		 	</isNotNull> 
		 	<isNotNull prepend="AND" property="indEstado">	 
				ind_est = #indEstado#
		 	</isNotNull>
		 	<isNotNull prepend="AND" property="numeroDoc">	 
				num_doc = #numeroDoc#
		 	</isNotNull>  
		</dynamic>
	</select>
	<!-- Fin PAS20175E210300094 -->

	<select id="selectTME" parameterClass="T1331Bean" resultClass="T1331Bean">
		SELECT 
		    num_ruc AS numeroDeRUC,
		    fec_alt AS fechaDeAlta,
		    fec_inivig AS fechaIniVig ,
		    fec_finvig AS fechaFinVig,
		    tip_doc AS tipoDoc,
		    num_doc AS numeroDoc,
		    ind_est AS indEstado,
		    ind_proc AS indProceso,
		    tip_insc AS tipInscrip,
		    cod_numreg AS codRegistro,
		    num_pro AS numProceso,
		    ind_par AS indParidad,
		    cod_usuario AS codUsuario,
		    fec_act AS fecAct		
		FROM t1331rucpad 
		<dynamic prepend="where">
		 	<isNotNull prepend="AND" property="numeroDeRUC">	 
				num_ruc = #numeroDeRUC#
		 	</isNotNull> 
		 	<isNotNull prepend="AND" property="indProceso">	 
				ind_proc = #indProceso#
		 	</isNotNull> 
		 	<isNotNull prepend="AND" property="indEstado">	 
				ind_est = #indEstado#
		 	</isNotNull>
		 	<isNotNull prepend="AND" property="numeroDoc">	 
				num_doc = #numeroDoc#
		 	</isNotNull>  
		</dynamic>		
    	
	</select>
	
</sqlMap>