<beans xmlns="http://www.springframework.org/schema/beans"
     xmlns:xsi="http://www.w3.org/2001/XMLSchema-instance"
     xmlns:context="http://www.springframework.org/schema/context"
     xsi:schemaLocation="http://www.springframework.org/schema/beans
         http://www.springframework.org/schema/beans/spring-beans-3.0.xsd
         http://www.springframework.org/schema/context
         http://www.springframework.org/schema/context/spring-context-3.0.xsd">


         
    <!-- This bean is the parent ApplicationContext for the WebApplicationContexts defined in the WARs. 
         The context files listed here should contain beans that are used by all WARs, 
         for example Services and DAO's. -->
      
      <!-- El bean con el id contribuyente2-registro-comppago.context es referenciado  --> 
      <bean id="contribuyente2-registro-comppago.context" class="org.springframework.context.support.ClassPathXmlApplicationContext">
        <constructor-arg>
            <list>
            	<!-- Para cargar el contexto definido para este ear -->
            	<value>contribuyente2-registro-comppago-ws-rest-service.xml</value>
                               
            	<!-- Para cargar el contexto definido para el Sharedlib de negocios -->
            	<value>contribuyente2-registro-comppago-service.xml</value>
            </list>
        </constructor-arg>

   	 </bean>

</beans>
