<beans xmlns="http://www.springframework.org/schema/beans"
     xmlns:xsi="http://www.w3.org/2001/XMLSchema-instance"
     xmlns:context="http://www.springframework.org/schema/context"
     xsi:schemaLocation="http://www.springframework.org/schema/beans
         http://www.springframework.org/schema/beans/spring-beans-3.0.xsd
         http://www.springframework.org/schema/context
         http://www.springframework.org/schema/context/spring-context-3.0.xsd
         ">
    
	<!-- Definicion del archivo de configuracion del log4j-->
	<bean id="log4jInitialization" class="org.springframework.beans.factory.config.MethodInvokingFactoryBean">
		<property name="targetClass"  value="org.springframework.util.Log4jConfigurer" />
	    <property name="targetMethod" value="initLogging" />
	    <property name="arguments">
	      <list>
	        <value>/logs/apps/config/contribuyente2-registro-comppago-ws.config</value>
	      </list>
	    </property>
	</bean>

	<bean id="proceso.fabricaDeServicios" name="proceso.fabricaDeServiciosOrquestador" class="org.springframework.beans.factory.config.ServiceLocatorFactoryBean" autowire="byName">
		<property name="serviceLocatorInterface" value="pe.gob.sunat.framework.spring.util.factory.FabricaDeServicios"/>
	</bean>
	
</beans>
