<?xml version="1.0" encoding="UTF-8"?>
<beans xmlns="http://www.springframework.org/schema/beans"
	xmlns:xsi="http://www.w3.org/2001/XMLSchema-instance" xmlns:context="http://www.springframework.org/schema/context"
	xmlns:jee="http://www.springframework.org/schema/jee"
	xsi:schemaLocation="http://www.springframework.org/schema/beans http://www.springframework.org/schema/beans/spring-beans-2.5.xsd http://www.springframework.org/schema/context http://www.springframework.org/schema/context/spring-context-2.5.xsd http://www.springframework.org/schema/jee http://www.springframework.org/schema/jee/spring-jee-2.5.xsd ">
	<!--
	<jee:jndi-lookup id="dccpele" jndi-name="jdbc/dccpele" resource-ref="true" cache="true"></jee:jndi-lookup>
	<jee:jndi-lookup id="dgcpele" jndi-name="jdbc/dgcpele" resource-ref="true" cache="true"></jee:jndi-lookup>
	-->
	<jee:jndi-lookup id="dccpe" jndi-name="jdbc/dccpe" resource-ref="true" cache="true"></jee:jndi-lookup>
	<jee:jndi-lookup id="dgcpe" jndi-name="jdbc/dgcpe" resource-ref="true" cache="true"></jee:jndi-lookup>
	<jee:jndi-lookup id="dcgre" jndi-name="jdbc/dccpegre" resource-ref="true" cache="true"></jee:jndi-lookup>
	<jee:jndi-lookup id="dccpehist" jndi-name="jdbc/dccpehist" resource-ref="true" cache="true"></jee:jndi-lookup>
	
	
	<bean id="lobHandler" class="org.springframework.jdbc.support.lob.DefaultLobHandler"/>
	   	
	<bean id="cpeleDGDataSource" class="org.springframework.jndi.JndiObjectFactoryBean">
		<property name="jndiName">
			<value>jdbc/dgcpe</value>
			<!--value>jdbc/dgcpele</value-->
		</property>
	</bean>	
	<bean id="cpehistDCDataSource" class="org.springframework.jndi.JndiObjectFactoryBean">
		<property name="jndiName">
			<value>jdbc/dccpehist</value>
		</property>
	</bean>
	
	<bean id="sqlMapClientCgre" class="org.springframework.orm.ibatis.SqlMapClientFactoryBean">
		<property name="configLocation" value="/WEB-INF/sql-map-config-gre.xml" />
		<property name="dataSource" ref="dcgre" />
	</bean>
	
	<bean id="sqlMapClientCpele" class="org.springframework.orm.ibatis.SqlMapClientFactoryBean">
		<property name="configLocation" value="/WEB-INF/sql-map-config-cpele.xml" />
		<property name="dataSource" ref="dccpe" />
		<!--property name="dataSource" ref="dccpele" /-->
	</bean>
	
	<bean id="sqlMapClientDGCpele" class="org.springframework.orm.ibatis.SqlMapClientFactoryBean">
		<property name="configLocation" value="/WEB-INF/sql-map-config-cpele.xml" />
		<property name="dataSource" ref="dgcpe" />
		<!--property name="dataSource" ref="dgcpele" /-->
	</bean>
	
	<bean id="sqlMapClientCpehist" class="org.springframework.orm.ibatis.SqlMapClientFactoryBean">
		<property name="configLocation" value="/WEB-INF/sql-map-config-cpehist.xml" />
		<property name="dataSource" ref="dccpehist" />
	</bean>
	
	<bean id="t3639DAO"
		class="pe.gob.sunat.servicio2.registro.electronico.comppago.model.dao.ibatis.SqlMapT3639DAOImpl">
		<property name="sqlMapClient" ref="sqlMapClientCpele"></property>
	</bean>
	
        <bean id="t4241DAO"		
		class="pe.gob.sunat.servicio2.registro.electronico.comppago.factura.model.dao.ibatis.SqlMapT4241DAOImpl">
		<property name="sqlMapClient" ref="sqlMapClientCpele"></property>
	</bean>
	
        <bean id="t10194DAO"		
		class="pe.gob.sunat.servicio2.registro.electronico.comppago.factura.model.dao.ibatis.SqlMapT10194DAOImpl">
		<property name="sqlMapClient" ref="sqlMapClientCpele"></property>
	</bean>
	
	<bean id="t4243DAO"		
		class="pe.gob.sunat.servicio2.registro.electronico.comppago.factura.model.dao.ibatis.SqlMapT4243DAOImpl">
		<!--property name="sqlMapClient" ref="sqlMapClientCpele"></property-->
		<property name="sqlMapClient" ref="sqlMapClientDGCpele"></property>		
	</bean>
	
	<bean id="t4283DAO"		
		class="pe.gob.sunat.servicio2.registro.electronico.comppago.factura.model.dao.ibatis.SqlMapT4283DAOImpl">
		<!--property name="sqlMapClient" ref="sqlMapClientCpele"></property-->
		<property name="sqlMapClient" ref="sqlMapClientDGCpele"></property>		
	</bean>
	<!-- DVDR INIC -->
	
	<bean id="t6575Dao"		
		class="pe.gob.sunat.servicio2.registro.electronico.comppago.factura.model.dao.ibatis.SqlMapT6575ArchPerDAOImpl">
		<property name="sqlMapClient" ref="sqlMapClientCpele"></property>
	</bean>
	
	<bean id="t6571Dao"		
		class="pe.gob.sunat.servicio2.registro.electronico.comppago.factura.model.dao.ibatis.SqlMapT6571PercepcionDAOImpl">
		<property name="sqlMapClient" ref="sqlMapClientCpele"></property>		
	</bean>
	
	<bean id="t6576Dao"		
		class="pe.gob.sunat.servicio2.registro.electronico.comppago.factura.model.dao.ibatis.SqlMapT6576ArchRetDAOImpl">
		<property name="sqlMapClient" ref="sqlMapClientCpele"></property>
	</bean>
		
	<bean id="t4534DAO"
		class="pe.gob.sunat.servicio2.registro.electronico.comppago.factura.model.dao.ibatis.SqlMapT4534DAOImpl">
		<property name="sqlMapClient" ref="sqlMapClientCpele"></property>
	</bean>
	
	<!-- percepcion -->
	<bean id="t6575HistDao"		
		class="pe.gob.sunat.servicio2.registro.electronico.comppago.factura.model.dao.ibatis.SqlMapT6575DAOImpl">
		<property name="sqlMapClient" ref="sqlMapClientCpehist"></property>
	</bean>
	
	<!-- retencion -->
	<bean id="t6576HistDao"		
		class="pe.gob.sunat.servicio2.registro.electronico.comppago.factura.model.dao.ibatis.SqlMapT6576DAOImpl">
		<property name="sqlMapClient" ref="sqlMapClientCpehist"></property>
	</bean>
	
	<bean id="t6573Dao"		
		class="pe.gob.sunat.servicio2.registro.electronico.comppago.factura.model.dao.ibatis.SqlMapT6573RetencionDAOImpl">
		<property name="sqlMapClient" ref="sqlMapClientCpele"></property>		
	</bean>
	
	<bean id="t6464Dao"		
		class="pe.gob.sunat.servicio2.registro.electronico.comppago.factura.model.dao.ibatis.SqlMapT6464ArcGreDAOImpl">
		<property name="sqlMapClient" ref="sqlMapClientCgre"></property>
	</bean>
	
	<bean id="t6460Dao"		
		class="pe.gob.sunat.servicio2.registro.electronico.comppago.factura.model.dao.ibatis.SqlMapT6460CABGREDAOImpl">
		<property name="sqlMapClient" ref="sqlMapClientCgre"></property>		
	</bean>
	
	<!-- PAS20181U210300137 -->
	<bean id="t01DAO" class="pe.gob.sunat.servicio2.registro.model.dao.ibatis.SqlMapT01DAOImpl">
		<property name="sqlMapClient" ref="sqlMapClientCpele"></property>
	</bean>
	
	<!-- DVDR FIN -->
	
	<!-- Spring -->	
	<bean id="t4243DAOSpring" 
		class="pe.gob.sunat.servicio2.registro.electronico.comppago.factura.model.dao.spring.T4243DAOImpl">
		<property name="dataSource" ref="cpeleDGDataSource" ></property>	
		<property name="lobHandler" ref="lobHandler" ></property>	
	</bean>
	
	<!-- t4536festore historico -->
	<bean id="daoT4536Hist" class="pe.gob.sunat.servicio2.registro.electronico.comppago.factura.model.dao.spring.T4536DAOImpl">
		<property name="dataSource" ref="cpehistDCDataSource" />
		<property name="lobHandler" ref="lobHandler"/>
	</bean>
			
	<!-- t4536festore cpe -->
	<bean id="daoT4536" class="pe.gob.sunat.servicio2.registro.electronico.comppago.factura.model.dao.spring.T4536DAOImpl">
		<property name="dataSource" ref="cpeleDGDataSource" />
		<property name="lobHandler" ref="lobHandler"/>
	</bean>
	
	<!-- Inicio - PAS20201U210100038 -->
	<bean id="t10204DAO" class="pe.gob.sunat.servicio2.registro.electronico.comppago.factura.model.dao.ibatis.SqlMapT10204DAOImpl">
		<property name="sqlMapClient" ref="sqlMapClientCpele"></property>
	</bean>
	
	<bean id="t10209DAO" class="pe.gob.sunat.servicio2.registro.electronico.comppago.factura.model.dao.ibatis.SqlMapT10209DAOImpl">
		<property name="sqlMapClient" ref="sqlMapClientCpele"></property>
	</bean>
	<!-- Fin - PAS20201U210100038 -->
</beans>
