<?xml version="1.0" encoding="UTF-8"?>
<beans xmlns="http://www.springframework.org/schema/beans"
	xmlns:xsi="http://www.w3.org/2001/XMLSchema-instance" xmlns:context="http://www.springframework.org/schema/context"
	xmlns:p="http://www.springframework.org/schema/p"
	xsi:schemaLocation="http://www.springframework.org/schema/beans http://www.springframework.org/schema/beans/spring-beans-2.5.xsd
		http://www.springframework.org/schema/context http://www.springframework.org/schema/context/spring-context-2.5.xsd">
	<import resource="itconsverixml-service.xml"/>
	<bean id="ConsultaVerificaXMLController"
		class="pe.gob.sunat.servicio2.registro.electronico.comppago.consulta.web.controller.ConsultaVerificaXMLController">
		<property name="methodNameResolver">
			<bean
				class="org.springframework.web.servlet.mvc.multiaction.ParameterMethodNameResolver">
				<property name="paramName" value="accion"></property>
				<property name="defaultMethodName" value="mostrarForm"></property>
			</bean>
		</property>
		<property name="verificaCPEService" ref="verificaCPEService"></property>		
	</bean>

	<bean id="multipartResolver" class="org.springframework.web.multipart.commons.CommonsMultipartResolver">	
	</bean>

	<bean id="urlHandlerMapping"
		class="org.springframework.web.servlet.handler.SimpleUrlHandlerMapping">
<!--		<property name="interceptors">-->
<!--			<list>-->
<!--				<ref bean="menuInternetInterceptor" />-->
<!--			</list>-->
<!--		</property>-->
		<property name="mappings">
			<value>
				/ConsVeriXml.htm=ConsultaVerificaXMLController
            </value>
		</property>
	</bean>

	<bean id="viewResolver"
		class="org.springframework.web.servlet.view.InternalResourceViewResolver"
		p:viewClass="org.springframework.web.servlet.view.JstlView" p:prefix="/WEB-INF/jsp/"
		p:suffix=".jsp">
	</bean>
	
	<bean
		class="org.springframework.web.servlet.handler.SimpleMappingExceptionResolver">
		<property name="exceptionAttribute" value="beanErr"></property>
		<property name="defaultErrorView" value="PagM"></property>
	</bean>

</beans>
