<?xml version="1.0" encoding="UTF-8"?>
<beans xmlns="http://www.springframework.org/schema/beans"
	xmlns:xsi="http://www.w3.org/2001/XMLSchema-instance" xmlns:tx="http://www.springframework.org/schema/tx"
	xsi:schemaLocation="http://www.springframework.org/schema/beans http://www.springframework.org/schema/beans/spring-beans-2.5.xsd
		http://www.springframework.org/schema/tx http://www.springframework.org/schema/tx/spring-tx-2.5.xsd">

	<bean id="verificaCPEService"
		class="pe.gob.sunat.servicio2.registro.electronico.comppago.consulta.service.VerificaCoprobanteElectronicoServiceImpl">	
		<property name="t3639DAO" ref="t3639DAO"></property>
		<property name="t4241DAO" ref="t4241DAO"></property>		
		<property name="t10194DAO" ref="t10194DAO"></property>		
		<property name="t4243DAO" ref="t4243DAO"></property>
		<property name="t4283DAO" ref="t4283DAO"></property>		 
		<property name="t4243DAOSpring" ref="t4243DAOSpring"></property>
		<property name="daoT4536Hist" ref="daoT4536Hist"></property>
		<property name="daoT4536" ref="daoT4536"></property>
		<property name="t6575Dao" ref="t6575Dao"></property>
		<property name="t6571Dao" ref="t6571Dao"></property>
		<property name="t6576Dao" ref="t6576Dao"></property>
		<property name="t6575HistDao" ref="t6575HistDao"></property>
		<property name="t6576HistDao" ref="t6576HistDao"></property>
		<property name="t6573Dao" ref="t6573Dao"></property>
		<property name="t6464Dao" ref="t6464Dao"></property>
		<property name="t6460Dao" ref="t6460Dao"></property>
		<property name="t4534DAO" ref="t4534DAO"></property>
		<!-- Inicio - PAS20201U210100038 -->
		<property name="t10204DAO" ref="t10204DAO"></property>
		<property name="t10209DAO" ref="t10209DAO"></property>
		<!-- Fin - PAS20201U210100038 -->
		
		<property name="t01DAO" ref="t01DAO"></property>
	</bean>
	
	<bean id="xmlSignAndValid" class="pe.gob.sunat.framework.spring.security.util.XmlX509DataSignAndValid">
		<property name="storage" value=""/>
		<property name="storagePassword" value=""/>
		<property name="certAlias" value=""/>
		<property name="certPassword" value=""/>
	</bean>
	
	<bean id="certificacionDigital" class="pe.gob.sunat.framework.spring.security.service.DigitalCertificateServiceImpl">
		<property name="signAndValid" ref="xmlSignAndValid"/>
	</bean>
		
	<bean id="archivoService" class="pe.gob.sunat.servicio2.registro.electronico.comppago.factura.service.ProcesaArchivoComprobanteServiceImpl">
		<property name="directorioTemporal" value="/data0/see/emision/factura/files"/>
		<property name="directorioTemplate" value="/data0/see/emision/factura/templates"/>
		<property name="directorioResources" value="/data0/see/emision/factura/resources"/>
		<property name="directorioSchemas" value="/data0/see/emision/factura/resources/maindoc"/>
		
		<property name="directorioTemporalNC" value="/data0/see/emision/notacredito/files"/>
		<property name="directorioTemplateNC" value="/data0/see/emision/notacredito/templates"/>
		<property name="directorioResourcesNC" value="/data0/see/emision/notacredito/resources"/>
		<property name="directorioSchemasNC" value="/data0/see/emision/notacredito/resources/maindoc"/>
		
		<property name="directorioTemporalND" value="/data0/see/emision/notadebito/files"/>
		<property name="directorioTemplateND" value="/data0/see/emision/notadebito/templates"/>
		<property name="directorioResourcesND" value="/data0/see/emision/notadebito/resources"/>
		<property name="directorioSchemasND" value="/data0/see/emision/notadebito/resources/maindoc"/>
		
		<property name="directorioTemporalFactura" value="/data0/see/emision/factura/files"/>
		<property name="directorioTemplateFactura" value="/data0/see/emision/factura/templates"/>
		<property name="directorioResourcesFactura" value="/data0/see/emision/factura/resources"/>
		<property name="directorioSchemasFactura" value="/data0/see/emision/factura/resources/maindoc"/>
		
		<property name="certificacionDigitalService" ref="certificacionDigital"/>
	</bean>
	
	<bean
		class="org.springframework.beans.factory.config.MethodInvokingFactoryBean">
		<property name="targetClass" value="org.springframework.util.Log4jConfigurer" />
		<property name="targetMethod" value="initLogging" />
		<property name="arguments">
			<list>
				<value>/logs/apps/config/contribuyente2-cpe-consulta.config</value>
				<value>10000</value>
			</list>
		</property>
	</bean>
</beans>
