<?xml version="1.0" encoding="UTF-8" ?>
<!DOCTYPE sqlMapConfig PUBLIC "-//iBATIS.com//DTD SQL Map Config 2.0//EN" "http://www.ibatis.com/dtd/sql-map-config-2.dtd">
<sqlMapConfig>
	<settings cacheModelsEnabled="true" 
			  useStatementNamespaces="true"
              maxSessions="64"
	          maxTransactions="8"
              maxRequests="128"/>
			  
	<typeHandler callback="pe.gob.sunat.framework.spring.util.dao.ibatis.FechaTypeHandler"
				 javaType="pe.gob.sunat.framework.spring.util.date.FechaBean"/>

	<sqlMap resource="pe/gob/sunat/servicio2/registro/electronico/comppago/model/dao/ibatis/maps/T3639.xml"/>				 
   	<sqlMap resource="pe/gob/sunat/servicio2/registro/electronico/comppago/factura/model/dao/ibatis/maps/T4241.xml"/>
   	<sqlMap resource="pe/gob/sunat/servicio2/registro/electronico/comppago/factura/model/dao/ibatis/maps/T10194.xml"/>
   	<sqlMap resource="pe/gob/sunat/servicio2/registro/electronico/comppago/factura/model/dao/ibatis/maps/T4243.xml"/>
   	<sqlMap resource="pe/gob/sunat/servicio2/registro/electronico/comppago/factura/model/dao/ibatis/maps/T4283.xml"/>
   	
   	<!-- DVDR INIC -->
   	<sqlMap resource="pe/gob/sunat/servicio2/registro/electronico/comppago/factura/model/dao/ibatis/maps/T6575archper.xml"/>
   	<sqlMap resource="pe/gob/sunat/servicio2/registro/electronico/comppago/factura/model/dao/ibatis/maps/T6576archret.xml"/>
   	<sqlMap resource="pe/gob/sunat/servicio2/registro/electronico/comppago/factura/model/dao/ibatis/maps/T6571Percepcion.xml"/>
   	<sqlMap resource="pe/gob/sunat/servicio2/registro/electronico/comppago/factura/model/dao/ibatis/maps/T6573retencion.xml"/>
   	<!-- DVDR FIN -->
   	
   	<sqlMap resource="pe/gob/sunat/servicio2/registro/electronico/comppago/factura/model/dao/ibatis/maps/T4534.xml"/>
   	
   	<sqlMap resource="pe/gob/sunat/servicio2/registro/model/dao/ibatis/maps/T01.xml"/>
   	
   	<!-- Inicio - PAS20201U210100038 -->
   	<sqlMap resource="pe/gob/sunat/servicio2/registro/electronico/comppago/factura/model/dao/ibatis/maps/T10204.xml"/>
   	<sqlMap resource="pe/gob/sunat/servicio2/registro/electronico/comppago/factura/model/dao/ibatis/maps/T10209.xml"/>
   	<!-- Fin - PAS20201U210100038 -->
    
 </sqlMapConfig>