<?xml version="1.0" encoding="UTF-8"?>

<beans xmlns="http://www.springframework.org/schema/beans"
  xmlns:xsi="http://www.w3.org/2001/XMLSchema-instance"
  xmlns:aop="http://www.springframework.org/schema/aop"
  xmlns:tx="http://www.springframework.org/schema/tx"
  xsi:schemaLocation="
    http://www.springframework.org/schema/beans 
    http://www.springframework.org/schema/beans/spring-beans-2.5.xsd
    http://www.springframework.org/schema/tx 
    http://www.springframework.org/schema/tx/spring-tx-2.5.xsd
    http://www.springframework.org/schema/aop 
    http://www.springframework.org/schema/aop/spring-aop-2.5.xsd">

	<bean id="txManager" class="org.springframework.transaction.jta.JtaTransactionManager"/>
		
	<tx:advice id="txAdvice" transaction-manager="txManager">
		<tx:attributes>
			<tx:method name="*" propagation="REQUIRED"/>
		</tx:attributes>
	</tx:advice>
  
	<aop:aspectj-autoproxy/>
  
	<aop:config>
		<aop:pointcut id="grabaComprobanteServiceOperation" expression="execution(* pe.gob.sunat.servicio.comppago.emisionelec.emision.factura.service.GrabaComprobante*.*(..))"/>
		<aop:advisor advice-ref="txAdvice" pointcut-ref="grabaComprobanteServiceOperation"/>
	</aop:config>
	
</beans>