<?xml version="1.0" encoding="UTF-8"?>
<beans xmlns="http://www.springframework.org/schema/beans"
       xmlns:xsi="http://www.w3.org/2001/XMLSchema-instance"
       xmlns:aop="http://www.springframework.org/schema/aop"
       xmlns:tx="http://www.springframework.org/schema/tx"
       xsi:schemaLocation="
       		http://www.springframework.org/schema/beans http://www.springframework.org/schema/beans/spring-beans-2.5.xsd
       		http://www.springframework.org/schema/tx http://www.springframework.org/schema/tx/spring-tx-2.5.xsd
       		http://www.springframework.org/schema/aop http://www.springframework.org/schema/aop/spring-aop-2.5.xsd">

	<import resource="classpath:framework-data.xml"/>
	
	<bean id="lobHandler" class="org.springframework.jdbc.support.lob.DefaultLobHandler"/>
	   	
	<bean id="cpeleDGDataSource" class="org.springframework.jndi.JndiObjectFactoryBean">
		<property name="jndiName">
			<value>jdbc/dgcpe</value>
			<!--value>jdbc/dgcpele</value-->
		</property>
	</bean>
	<bean id="cpehistDCDataSource" class="org.springframework.jndi.JndiObjectFactoryBean">
		<property name="jndiName">
			<value>jdbc/dccpehist</value>
		</property>
	</bean>
	
	<bean id="cpeleDataSource" class="org.springframework.jndi.JndiObjectFactoryBean">
		<property name="jndiName">
			<value>jdbc/dccpele</value>
		</property>
	</bean> 

	<bean id="recauda0jDataSource" class="org.springframework.jndi.JndiObjectFactoryBean">
		<property name="jndiName">
			<value>jdbc/dcrecauda0j</value>
		</property>
	</bean>
	
	<bean id="sqlMapClient"	class="org.springframework.orm.ibatis.SqlMapClientFactoryBean">
		<property name="configLocation" value="WEB-INF/sql-map-config-recauda0j.xml"/>
		<property name="dataSource" ref="recauda0jDataSource"/>
	</bean>
	
	<bean id="sqlMapClientCpele"	class="org.springframework.orm.ibatis.SqlMapClientFactoryBean">
		<property name="configLocation" value="WEB-INF/sql-map-config-cpele.xml"/>
		<property name="dataSource" ref="cpeleDataSource"/>
	</bean>
	
	<!-- Spring -->
	<bean id="daoT01" class="pe.gob.sunat.servicio2.registro.model.dao.spring.T01DAOImpl">
		<property name="dataSource" ref="recauda0jDataSource"/>
	</bean>
	
	<!-- Ibatis -->
	<bean id="daoDdp" class="pe.gob.sunat.servicio2.registro.model.dao.ibatis.SqlMapDdpDAOImpl">
		<property name="sqlMapClient" ref="sqlMapClient" />
	</bean>
		
	<bean id="daoT4241" class="pe.gob.sunat.servicio2.registro.electronico.comppago.factura.model.dao.ibatis.SqlMapT4241DAOImpl">
		<property name="sqlMapClient" ref="sqlMapClientCpele" />
	</bean>
	
        <bean id="daoT10194" class="pe.gob.sunat.servicio2.registro.electronico.comppago.factura.model.dao.ibatis.SqlMapT10194DAOImpl">
		<property name="sqlMapClient" ref="sqlMapClientCpele" />
	</bean>
	
	<bean id="daoT4243" class="pe.gob.sunat.servicio2.registro.electronico.comppago.factura.model.dao.ibatis.SqlMapT4243DAOImpl">
		<property name="sqlMapClient" ref="sqlMapClientCpele" />
	</bean>	

    <bean id="daoT4429" class="pe.gob.sunat.servicio2.registro.electronico.comppago.factura.model.dao.ibatis.SqlMapT4429DAOImpl">
		<property name="sqlMapClient" ref="sqlMapClientCpele" />
	</bean>
	
	<bean id="daoT4541" class="pe.gob.sunat.servicio2.registro.electronico.comppago.factura.model.dao.ibatis.SqlMapT4541DAOImpl">
		<property name="sqlMapClient" ref="sqlMapClientCpele" />
	</bean>
	
 	<bean id="t4703DAO" class="pe.gob.sunat.servicio2.registro.electronico.comppago.factura.model.dao.ibatis.SqlMapT4703DAOImpl">
		<property name="sqlMapClient" ref="sqlMapClientCpele" />
	</bean>
	
	<bean id="daoT1331" class="pe.gob.sunat.servicio2.registro.model.dao.ibatis.SqlMapT1331DAOImpl">
		<property name="sqlMapClient" ref="sqlMapClient" />
	</bean>
	
	<!-- t4536festore historico -->
	<bean id="daoT4536Hist" class="pe.gob.sunat.servicio2.registro.electronico.comppago.factura.model.dao.spring.T4536DAOImpl">
		<property name="dataSource" ref="cpehistDCDataSource" />
		<property name="lobHandler" ref="lobHandler"/>
	</bean>
			
	<!-- t4536festore cpe -->
	<bean id="daoT4536" class="pe.gob.sunat.servicio2.registro.electronico.comppago.factura.model.dao.spring.T4536DAOImpl">
		<property name="dataSource" ref="cpeleDGDataSource" />
		<property name="lobHandler" ref="lobHandler"/>
	</bean>
        
        <!-- cloud -->
	<bean id="t01DAO" class="pe.gob.sunat.servicio2.registro.model.dao.ibatis.SqlMapT01DAOImpl">
		<property name="sqlMapClient" ref="sqlMapClientCpele"></property>
	</bean>
	
	<!-- t4283rubroscpe -->
	<bean id="daoT4283" class="pe.gob.sunat.servicio2.registro.electronico.comppago.factura.model.dao.ibatis.SqlMapT4283DAOImpl">
		<property name="sqlMapClient" ref="sqlMapClientCpele" />
	</bean>	
	
	<bean id="t4534DAO"
		class="pe.gob.sunat.servicio2.registro.electronico.comppago.factura.model.dao.ibatis.SqlMapT4534DAOImpl">
		<property name="sqlMapClient" ref="sqlMapClientCpele"></property>
	</bean>
	
	<bean id="t4243DAOSpring" 
		class="pe.gob.sunat.servicio2.registro.electronico.comppago.factura.model.dao.spring.T4243DAOImpl">
		<property name="dataSource" ref="cpeleDGDataSource" ></property>	
		<property name="lobHandler" ref="lobHandler" ></property>	
	</bean>
</beans>