<?xml version="1.0" encoding="UTF-8"?>

<beans xmlns="http://www.springframework.org/schema/beans"
       xmlns:xsi="http://www.w3.org/2001/XMLSchema-instance"
       xmlns:aop="http://www.springframework.org/schema/aop"
       xmlns:tx="http://www.springframework.org/schema/tx"
       xsi:schemaLocation="
       		http://www.springframework.org/schema/beans
       		http://www.springframework.org/schema/beans/spring-beans-2.5.xsd
       		http://www.springframework.org/schema/tx
       		http://www.springframework.org/schema/tx/spring-tx-2.5.xsd
       		http://www.springframework.org/schema/aop
       		http://www.springframework.org/schema/aop/spring-aop-2.5.xsd">

	  <!-- Definicion del archivo de configuracion del log4j -->
	  <bean id="consultarfactura.log4jInitialization" class="org.springframework.beans.factory.config.MethodInvokingFactoryBean">
	    <property name="targetClass" value="org.springframework.util.Log4jConfigurer" />
	    <property name="targetMethod" value="initLogging" />
	    <property name="arguments">
	      <list>
	        <value>/logs/apps/config/contribuyente2-cpe-consulta.config</value>
	      </list>
	    </property>
	  </bean>

	<bean id="xmlSignAndValid" class="pe.gob.sunat.framework.spring.security.util.XmlX509DataSignAndValid">
		<property name="storage" value=""/>
		<property name="storagePassword" value=""/>
		<property name="certAlias" value=""/>
		<property name="certPassword" value=""/>
	</bean>
	
	<!-- Services -->
	<bean id="certificacionDigital" class="pe.gob.sunat.framework.spring.security.service.DigitalCertificateServiceImpl">
		<property name="signAndValid" ref="xmlSignAndValid"/>
	</bean>
		
	<bean id="archivoService" class="pe.gob.sunat.servicio2.registro.electronico.comppago.factura.service.ProcesaArchivoComprobanteServiceImpl">
		<property name="directorioTemporal" value="/data0/see/emision/factura/files"/>
		<property name="directorioTemplate" value="/data0/see/emision/factura/templates"/>
		<property name="directorioResources" value="/data0/see/emision/factura/resources"/>
		<property name="directorioSchemas" value="/data0/see/emision/factura/resources/maindoc"/>
		
		<property name="directorioTemporalNC" value="/data0/see/emision/notacredito/files"/>
		<property name="directorioTemplateNC" value="/data0/see/emision/notacredito/templates"/>
		<property name="directorioResourcesNC" value="/data0/see/emision/notacredito/resources"/>
		<property name="directorioSchemasNC" value="/data0/see/emision/notacredito/resources/maindoc"/>
		
		<property name="directorioTemporalND" value="/data0/see/emision/notadebito/files"/>
		<property name="directorioTemplateND" value="/data0/see/emision/notadebito/templates"/>
		<property name="directorioResourcesND" value="/data0/see/emision/notadebito/resources"/>
		<property name="directorioSchemasND" value="/data0/see/emision/notadebito/resources/maindoc"/>
		
		<property name="directorioTemporalFactura" value="/data0/see/emision/factura/files"/>
		<property name="directorioTemplateFactura" value="/data0/see/emision/factura/templates"/>
		<property name="directorioResourcesFactura" value="/data0/see/emision/factura/resources"/>
		<property name="directorioSchemasFactura" value="/data0/see/emision/factura/resources/maindoc"/>
		
		<property name="certificacionDigitalService" ref="certificacionDigital"/>
	</bean>
	
	<bean id="archivoServiceBVE" class="pe.gob.sunat.servicio2.registro.electronico.comppago.boleta.service.ProcesaArchivoComprobanteServiceImpl">
		<property name="directorioTemporal" value="/data0/see/emision/boleta/files"/>
		<property name="directorioTemplate" value="/data0/see/emision/boleta/templates"/>
		<property name="directorioResources" value="/data0/see/emision/boleta/resources"/>
		<property name="directorioSchemas" value="/data0/see/emision/boleta/resources/maindoc"/>
		
		<property name="directorioTemporalBoleta" value="/data0/see/emision/boleta/files"/>
		<property name="directorioTemplateBoleta" value="/data0/see/emision/boleta/templates"/>
		<property name="directorioResourcesBoleta" value="/data0/see/emision/boleta/resources"/>
		<property name="directorioSchemasBoleta" value="/data0/see/emision/boleta/resources/maindoc"/>
		
		<property name="directorioTemporalNC" value="/data0/see/emision/notacredito/files"/>
		<property name="directorioTemplateNC" value="/data0/see/emision/notacredito/templates"/>
		<property name="directorioResourcesNC" value="/data0/see/emision/notacredito/resources"/>
		<property name="directorioSchemasNC" value="/data0/see/emision/notacredito/resources/maindoc"/>
		
		<property name="directorioTemporalND" value="/data0/see/emision/notadebito/files"/>
		<property name="directorioTemplateND" value="/data0/see/emision/notadebito/templates"/>
		<property name="directorioResourcesND" value="/data0/see/emision/notadebito/resources"/>
		<property name="directorioSchemasND" value="/data0/see/emision/notadebito/resources/maindoc"/>
		
		<property name="certificacionDigitalService" ref="certificacionDigital"/>
	</bean>
	
	<bean id="consultarService" class="pe.gob.sunat.servicio2.registro.electronico.comppago.consulta.service.ConsultaCPEServiceImpl">
		<property name="daoDdp" ref="daoDdp"/>
		<property name="daoT01" ref="daoT01"/>
		<property name="t01DAO" ref="t01DAO"/>
		<property name="daoT4241" ref="daoT4241"/>
		<property name="daoT4243" ref="daoT4243"/>
		<property name="t4243DAOSpring" ref="t4243DAOSpring"></property>
    	<property name="daoT4429" ref="daoT4429"/>
    	<property name="daoT1331" ref="daoT1331"/>
    	<property name="daoT4536Hist" ref="daoT4536Hist"/>
    	<property name="daoT4283" ref="daoT4283"/>
    	<property name="t4534DAO" ref="t4534DAO"/>
    	<property name="daoT4536" ref="daoT4536"/>
        <property name="t4703DAO" ref="t4703DAO"/>        
        <property name="daoT4541" ref="daoT4541"/>  
		<property name="archivoService" ref="archivoService"/>
		<property name="archivoServiceBVE" ref="archivoServiceBVE"/>
	</bean>	
	
	<!-- Controllers -->
			
	<bean name="/consultar.do" class="pe.gob.sunat.servicio2.registro.electronico.comppago.consulta.web.controller.ConsultaCPEIAController" scope="request">
		<property name="methodNameResolver" ref="methodNameResolver"/>
		<property name="view" value="jsonView"/>
		<property name="iframeJsonView" value="iframeJsonView"/>
		<property name="downloadView" value="downloadView"/>
		<property name="consultarService" ref="consultarService"/>		
	</bean>
		
	<bean id="methodNameResolver" class="org.springframework.web.servlet.mvc.multiaction.ParameterMethodNameResolver">
		<property name="paramName">
			<value>action</value>
		</property>
		<property name="defaultMethodName">
			<value>inicio</value>
		</property>
	</bean>	
	
</beans>
