<?xml version="1.0" encoding="UTF-8"?>
<!DOCTYPE beans PUBLIC "-//SPRING//DTD BEAN//EN" "http://www.springframework.org/dtd/spring-beans.dtd">
<beans>
	
  <bean id="viewResolver" class="org.springframework.web.servlet.view.InternalResourceViewResolver">
    <property name="prefix">
      <value>/WEB-INF/jsp/</value>
    </property>
    <property name="suffix">
      <value>.jsp</value>
    </property>
  </bean>	
	
	<bean name="jsonView" class="pe.gob.sunat.framework.spring.web.view.JsonView">
		<property name="contentType">
     	 	<value>text/json</value>
        </property>
	</bean>
	
	<bean name="iframeJsonView" class="pe.gob.sunat.framework.spring.web.view.IFrameJsonView"/>
	
	<bean name="downloadView" class="pe.gob.sunat.framework.spring.web.view.DownloadView"/> 	 
</beans>