{"departamentos":
  [ 
      { "id" : "01", "nombre" : "AMAZONAS"}, 
      { "id" : "02", "nombre" : "ANCASH"}, 
      { "id" : "03", "nombre" : "APURIMAC"},
      { "id" : "04", "nombre" : "AREQUIPA"},
      { "id" : "05", "nombre" : "AYACUCHO"}, 
      { "id" : "06", "nombre" : "CAJAMARCA"}, 
      { "id" : "08", "nombre" : "CUSCO"}, 
      { "id" : "09", "nombre" : "HUANCAVELICA"}, 
      { "id" : "10", "nombre" : "HUANUCO"}, 
      { "id" : "11", "nombre" : "ICA"}, 
      { "id" : "12", "nombre" : "JUNIN"}, 
      { "id" : "13", "nombre" : "LA LIBERTAD"}, 
      { "id" : "14", "nombre" : "LAMBAYEQUE"}, 
      { "id" : "15", "nombre" : "LIMA"},
      { "id" : "16", "nombre" : "LORETO"}, 
      { "id" : "17", "nombre" : "MADRE DE DIOS"},
      { "id" : "18", "nombre" : "MOQUEGUA"}, 
      { "id" : "19", "nombre" : "PASCO"}, 
      { "id" : "20", "nombre" : "PIURA"}, 
      { "id" : "07", "nombre" : "PROV. CONST. DEL CALLAO"}, 
      { "id" : "21", "nombre" : "PUNO"}, 
      { "id" : "22", "nombre" : "SAN MARTIN"}, 
      { "id" : "23", "nombre" : "TACNA"}, 
      { "id" : "24", "nombre" : "TUMBES" }, 
      { "id" : "25", "nombre" : "UCAYALI" } 
  ]
}
