[
{"id":"10100000", "nombre":"Animales vivos"},
{"id":"10110000", "nombre":"Productos para animales domésticos"},
{"id":"10120000", "nombre":"Comida de animales"},
{"id":"10130000", "nombre":"Recipientes y hábitat para animales"},
{"id":"10140000", "nombre":"Productos de talabartería y arreo"},
{"id":"10150000", "nombre":"Semillas, bulbos, plántulas y esquejes"},
{"id":"10160000", "nombre":"Productos de floricultura y silvicultura"},
{"id":"10170000", "nombre":"Fertilizantes y nutrientes para plantas y herbicidas"},
{"id":"10190000", "nombre":"Productos para el control de plagas "},
{"id":"10200000", "nombre":"Rosales vivos"},
{"id":"10210000", "nombre":"Plantas vivas  de especies o variedades de flores altas"},
{"id":"10220000", "nombre":"Plantas vivas  de especies o variedades de flores bajas"},
{"id":"10230000", "nombre":"Crisantemos vivos"},
{"id":"10240000", "nombre":"Claveles vivos"},
{"id":"10250000", "nombre":"Orquídeas vivas"},
{"id":"10300000", "nombre":"Rosas frescas cortadas"},
{"id":"10310000", "nombre":"Bouquets cortados frescos  de especies o variedades de flores altas"},
{"id":"10320000", "nombre":"Bouquets cortados frescos  de especies o variedades de flores bajas"},
{"id":"10330000", "nombre":"Crisantemos cortados frescos"},
{"id":"10340000", "nombre":"Bouquets florales cortados frescos"},
{"id":"10350000", "nombre":"Claveles cortados frescos"},
{"id":"10360000", "nombre":"Orquídeas cortadas frescas"},
{"id":"10400000", "nombre":"Rosas cortadas secas"},
{"id":"10410000", "nombre":"Bouquets cortados secos  de especies o variedades de flores altas"},
{"id":"10420000", "nombre":"Bouquets cortados secos  de especies o variedades de flores bajas"},
{"id":"10430000", "nombre":"Crisantemos cortados secos"},
{"id":"10440000", "nombre":"Claveles cortados secos"},
{"id":"10450000", "nombre":"Orquídeas cortadas secas"},
{"id":"10500000", "nombre":"Follaje cortado fresco"},
{"id":"11100000", "nombre":"Minerales, minerales metálicos y metales"},
{"id":"11110000", "nombre":"Tierra y piedra"},
{"id":"11120000", "nombre":"Productos no comestibles de planta y silvicultura"},
{"id":"11130000", "nombre":"Productos animales no comestibles"},
{"id":"11140000", "nombre":"Chatarra y materiales de desecho"},
{"id":"11150000", "nombre":"Fibra, hilos e hilados"},
{"id":"11160000", "nombre":"Tejidos y materiales de cuero"},
{"id":"11170000", "nombre":"Aleaciones"},
{"id":"11180000", "nombre":"Óxido metálico"},
{"id":"11190000", "nombre":"Desechos metálicos y chatarra"},
{"id":"12130000", "nombre":"Materiales explosivos"},
{"id":"12140000", "nombre":"Elementos y gases"},
{"id":"12160000", "nombre":"Aditivos"},
{"id":"12170000", "nombre":"Colorantes"},
{"id":"12180000", "nombre":"Ceras y aceites"},
{"id":"12190000", "nombre":"Solventes"},
{"id":"12350000", "nombre":"Compuestos y mezclas"},
{"id":"13100000", "nombre":"Caucho y elastómeros"},
{"id":"13110000", "nombre":"Resinas y colofonias y otros materiales derivados de resina"},
{"id":"14100000", "nombre":"Materiales de papel"},
{"id":"14110000", "nombre":"Productos de papel"},
{"id":"14120000", "nombre":"Papel para uso industrial"},
{"id":"15100000", "nombre":"Combustibles"},
{"id":"15110000", "nombre":"Combustibles gaseosos y aditivos"},
{"id":"15120000", "nombre":"Lubricantes, aceites, grasas y anticorrosivos"},
{"id":"15130000", "nombre":"Combustible para reactores nucleares"},
{"id":"20100000", "nombre":"Maquinaria y equipo de minería y explotación de canteras"},
{"id":"20110000", "nombre":"Equipo de perforación y explotación de pozos"},
{"id":"20120000", "nombre":"Equipo para perforación y exploración de petróleo y gas"},
{"id":"20130000", "nombre":"Materiales para  perforación y operaciones de petróleo y gas"},
{"id":"20140000", "nombre":"Equipo de producción y operación de petróleo y gas"},
{"id":"21100000", "nombre":"Maquinaria y equipo para agricultura, silvicultura y paisajismo"},
{"id":"21110000", "nombre":"Equipo de pesca y acuicultura"},
{"id":"22100000", "nombre":"Maquinaria y equipo pesado de construcción"},
{"id":"23100000", "nombre":"Maquinaria para el procesamiento de materias primas"},
{"id":"23110000", "nombre":"Maquinaria para el procesamiento de petróleo"},
{"id":"23120000", "nombre":"Maquinaria y accesorios de textiles y tejidos"},
{"id":"23130000", "nombre":"Maquinaria y equipos lapidarios"},
{"id":"23140000", "nombre":"Maquinaria de reparación y accesorios para marroquinería"},
{"id":"23150000", "nombre":"Maquinaria, equipo y suministros de procesos industriales"},
{"id":"23160000", "nombre":"Máquinas, equipo y suministros para fundición"},
{"id":"23180000", "nombre":"Equipo industrial para alimentos y bebidas"},
{"id":"23190000", "nombre":"Mezcladores y sus partes y accesorios"},
{"id":"23200000", "nombre":"Equipamiento para transferencia de masa"},
{"id":"23210000", "nombre":"Maquinaria de fabricación electrónica, equipo y accesorios"},
{"id":"23220000", "nombre":"Equipo y maquinaria de procesamiento de pollos"},
{"id":"23230000", "nombre":"Equipo y maquinaria de procesamiento de madera y aserrado"},
{"id":"23240000", "nombre":"Maquinaria y accesorios para cortar metales"},
{"id":"23250000", "nombre":"Maquinaria y accesorios para el formado de metales"},
{"id":"23260000", "nombre":"Maquinaria y accesorios para hacer prototipos rápidos"},
{"id":"23270000", "nombre":"Maquinaria y accesorios y suministros para soldadura de todas las clases"},
{"id":"23280000", "nombre":"Maquinaria para el tratamiento de metal"},
{"id":"23290000", "nombre":"Herramientas de maquinado industrial"},
{"id":"23300000", "nombre":"Maquinaria y equipo para cable"},
{"id":"24100000", "nombre":"Maquinaria y equipo para manejo de materiales"},
{"id":"24110000", "nombre":"Recipientes y almacenamiento"},
{"id":"24120000", "nombre":"Materiales de empaque"},
{"id":"24130000", "nombre":"Refrigeración industrial"},
{"id":"24140000", "nombre":"Suministros de embalaje"},
{"id":"25100000", "nombre":"Vehículos de motor"},
{"id":"25110000", "nombre":"Transporte marítimo"},
{"id":"25120000", "nombre":"Maquinaria y equipo para ferrocarril y tranvías"},
{"id":"25130000", "nombre":"Aeronaves"},
{"id":"25150000", "nombre":"Naves espaciales"},
{"id":"25160000", "nombre":"Bicicletas no motorizadas"},
{"id":"25170000", "nombre":"Componentes y sistemas de transporte"},
{"id":"25180000", "nombre":"Carrocerías y remolques"},
{"id":"25190000", "nombre":"Equipo para servicios de transporte"},
{"id":"25200000", "nombre":"Sistemas  y componentes y equipos aeroespaciales"},
{"id":"26100000", "nombre":"Fuentes de energía"},
{"id":"26110000", "nombre":"Baterías y generadores y transmisión de energía cinética"},
{"id":"26120000", "nombre":"Alambres, cables y arneses"},
{"id":"26130000", "nombre":"Generación de energía"},
{"id":"26140000", "nombre":"Maquinaria y equipo para energía atómica o nuclear"},
{"id":"27110000", "nombre":"Herramientas de mano"},
{"id":"27120000", "nombre":"Maquinaria y equipo hidráulico"},
{"id":"27130000", "nombre":"Maquinaria y equipo neumático"},
{"id":"27140000", "nombre":"Herramientas especializadas automotrices"},
{"id":"30100000", "nombre":"Componentes estructurales y formas básicas"},
{"id":"30110000", "nombre":"Hormigón, cemento y yeso"},
{"id":"30120000", "nombre":"Carreteras y paisaje"},
{"id":"30130000", "nombre":"Productos de construcción estructurales"},
{"id":"30140000", "nombre":"Aislamiento"},
{"id":"30150000", "nombre":"Materiales para acabado de exteriores"},
{"id":"30160000", "nombre":"Materiales de acabado de interiores"},
{"id":"30170000", "nombre":"Puertas y ventanas y vidrio"},
{"id":"30180000", "nombre":"Instalaciones de plomería"},
{"id":"30190000", "nombre":"Equipo de apoyo para Construcción y Mantenimiento"},
{"id":"30240000", "nombre":"Componentes de construcción de estructura portátil"},
{"id":"30250000", "nombre":"Estructuras y materiales de minería subterránea"},
{"id":"30260000", "nombre":"Materiales estructurales"},
{"id":"31100000", "nombre":"Piezas de fundición y ensambles de piezas de fundición"},
{"id":"31110000", "nombre":"Extrusiones"},
{"id":"31120000", "nombre":"Piezas fundidas maquinadas"},
{"id":"31130000", "nombre":"Forjaduras"},
{"id":"31140000", "nombre":"Molduras"},
{"id":"31150000", "nombre":"Cuerda, cadena, cable, alambre y correa"},
{"id":"31160000", "nombre":"Ferretería"},
{"id":"31170000", "nombre":"Rodamientos, cojinetes ruedas y engranajes"},
{"id":"31180000", "nombre":"Empaques, glándulas, fundas y cubiertas"},
{"id":"31190000", "nombre":"Materiales de afilado pulido y alisado"},
{"id":"31200000", "nombre":"Adhesivos y selladores"},
{"id":"31210000", "nombre":"Pinturas y bases y acabados"},
{"id":"31220000", "nombre":"Extractos de teñir y de curtir"},
{"id":"31230000", "nombre":"Materia prima en placas o barras labradas"},
{"id":"31240000", "nombre":"Óptica industrial"},
{"id":"31250000", "nombre":"Sistemas de control neumático, hidráulico o eléctrico"},
{"id":"31260000", "nombre":"Cubiertas, cajas y envolturas"},
{"id":"31270000", "nombre":"Piezas hechas a máquina"},
{"id":"31280000", "nombre":"Componentes de placa y estampados"},
{"id":"31290000", "nombre":"Extrusiones maquinadas"},
{"id":"31300000", "nombre":"Forjas labradas"},
{"id":"31310000", "nombre":"Ensambles de tubería fabricada"},
{"id":"31320000", "nombre":"Ensambles fabricados de material en barras"},
{"id":"31330000", "nombre":"Ensambles estructurales fabricados"},
{"id":"31340000", "nombre":"Ensambles de lámina fabricado"},
{"id":"31350000", "nombre":"Ensambles de tubería fabricada"},
{"id":"31360000", "nombre":"Ensambles de placa fabricados"},
{"id":"31370000", "nombre":"Refractarios"},
{"id":"31380000", "nombre":"Imanes y materiales magnéticos"},
{"id":"31390000", "nombre":"Maquinados"},
{"id":"31400000", "nombre":"Empaques"},
{"id":"31410000", "nombre":"Sellos"},
{"id":"31420000", "nombre":"Partes sinterizadas"},
{"id":"32100000", "nombre":"Circuitos impresos, circuitos integrados y micro ensamblajes"},
{"id":"32110000", "nombre":"Dispositivo semiconductor discreto"},
{"id":"32120000", "nombre":"Componentes pasivos discretos"},
{"id":"32130000", "nombre":"Piezas de componentes y hardware electrónicos y accesorios"},
{"id":"32140000", "nombre":"Dispositivos de tubo electrónico y accesorios"},
{"id":"32150000", "nombre":"Dispositivos y componentes y accesorios de control de automatización"},
{"id":"39100000", "nombre":"Lámparas y bombillas y componentes para lámparas"},
{"id":"39110000", "nombre":"Iluminación, artefactos y accesorios"},
{"id":"39120000", "nombre":"Equipos, suministros y componentes eléctricos"},
{"id":"39130000", "nombre":"Dispositivos y accesorios y suministros de manejo de cable eléctrico"},
{"id":"40100000", "nombre":"Calefacción, ventilación y circulación del aire"},
{"id":"40140000", "nombre":"Distribución de fluidos y gas"},
{"id":"40150000", "nombre":"Bombas y compresores industriales"},
{"id":"40160000", "nombre":"Filtrado y purificación industrial"},
{"id":"40170000", "nombre":"Instalaciones de tubos y entubamientos"},
{"id":"40180000", "nombre":"Instalaciones de tubos y tuberías"},
{"id":"41100000", "nombre":"Equipo de laboratorio y científico"},
{"id":"41110000", "nombre":"Instrumentos de medida, observación y ensayo"},
{"id":"41120000", "nombre":"Suministros y accesorios de laboratorio"},
{"id":"42120000", "nombre":"Equipos y suministros veterinarios"},
{"id":"42130000", "nombre":"Telas y vestidos médicos"},
{"id":"42140000", "nombre":"Suministros, productos de tratamiento y cuidado del enfermo"},
{"id":"42150000", "nombre":"Equipos y suministros dentales"},
{"id":"42160000", "nombre":"Equipo de diálisis y suministros"},
{"id":"42170000", "nombre":"Productos para los servicios médicos de urgencias y campo"},
{"id":"42180000", "nombre":"Productos de examen y control del paciente"},
{"id":"42190000", "nombre":"Productos de centro médico"},
{"id":"42200000", "nombre":"Productos de hacer imágenes diagnósticas médicas y de medicina nuclear"},
{"id":"42210000", "nombre":"Ayuda para personas con desafíos físicos para vivir independiente"},
{"id":"42220000", "nombre":"Productos para administración intravenosa y arterial"},
{"id":"42230000", "nombre":"Nutrición clínica"},
{"id":"42240000", "nombre":"Productos medicinales de deportes y ortopédicos y prótesis"},
{"id":"42250000", "nombre":"Productos de rehabilitación y terapia ocupacional y física"},
{"id":"42260000", "nombre":"Equipo y suministros post mortem y funerarios"},
{"id":"42270000", "nombre":"Productos de resucitación, anestesia y respiratorio"},
{"id":"42280000", "nombre":"Productos para la esterilización médica"},
{"id":"42290000", "nombre":"Productos quirúrgicos"},
{"id":"42300000", "nombre":"Suministros para formación y estudios de medicina"},
{"id":"42310000", "nombre":"Productos para el cuidado de heridas"},
{"id":"42320000", "nombre":"Implantes ortopédicos quirúrgicos"},
{"id":"43190000", "nombre":"Dispositivos de comunicaciones y accesorios"},
{"id":"43200000", "nombre":"Componentes para tecnología de la información, difusión o telecomunicaciones"},
{"id":"43210000", "nombre":"Equipo informático y accesorios"},
{"id":"43220000", "nombre":"Equipos o plataformas y accesorios de redes multimedia o de voz y datos"},
{"id":"43230000", "nombre":"Software"},
{"id":"44100000", "nombre":"Maquinaria, suministros y accesorios de oficina"},
{"id":"44110000", "nombre":"Accesorios de oficina y escritorio"},
{"id":"44120000", "nombre":"Suministros de oficina"},
{"id":"45100000", "nombre":"Equipo de imprenta y publicación"},
{"id":"45110000", "nombre":"Equipos de audio y video para presentación y composición"},
{"id":"45120000", "nombre":"Equipo de vídeo, filmación o fotografía"},
{"id":"45130000", "nombre":"Medios fotográficos y de grabación"},
{"id":"45140000", "nombre":"Suministros fotográficos para cine"},
{"id":"46100000", "nombre":"Armas ligeras y munición"},
{"id":"46110000", "nombre":"Armas de guerra convencionales"},
{"id":"46120000", "nombre":"Misiles"},
{"id":"46130000", "nombre":"Cohetes y subsistemas"},
{"id":"46140000", "nombre":"Lanzadores"},
{"id":"46150000", "nombre":"Protección del Orden Público"},
{"id":"46160000", "nombre":"Seguridad y control público"},
{"id":"46170000", "nombre":"Seguridad, vigilancia y detección"},
{"id":"46180000", "nombre":"Seguridad y protección personal"},
{"id":"46190000", "nombre":"Protección contra incendios"},
{"id":"46200000", "nombre":"Equipo de entrenamiento de seguridad física e industrial, defensa y orden público"},
{"id":"47100000", "nombre":"Tratamiento, suministros y eliminación de agua y aguas residuales"},
{"id":"47110000", "nombre":"Equipo industrial de lavandería y lavado en seco"},
{"id":"47120000", "nombre":"Equipo de aseo"},
{"id":"47130000", "nombre":"Suministros de aseo y limpieza"},
{"id":"48100000", "nombre":"Equipos de servicios de alimentación para instituciones"},
{"id":"48110000", "nombre":"Máquinas expendedoras"},
{"id":"48120000", "nombre":"Equipo de Juego o de Apostar"},
{"id":"48130000", "nombre":"Equipo y materiales funerarios"},
{"id":"49100000", "nombre":"Coleccionables y condecoraciones"},
{"id":"49120000", "nombre":"Equipos y accesorios para acampada y exteriores"},
{"id":"49130000", "nombre":"Equipos de pesca y caza"},
{"id":"49140000", "nombre":"Equipos para deportes acuáticos"},
{"id":"49150000", "nombre":"Equipos para deportes de invierno"},
{"id":"49160000", "nombre":"Equipos deportivos para campos y canchas"},
{"id":"49170000", "nombre":"Equipos de gimnasia y boxeo"},
{"id":"49180000", "nombre":"Juegos, equipo de tiro y mesa"},
{"id":"49200000", "nombre":"Equipo para entrenamiento físico"},
{"id":"49210000", "nombre":"Otros deportes"},
{"id":"49220000", "nombre":"Equipo  y accesorios para deportes"},
{"id":"49240000", "nombre":"Equipo de recreo, parques infantiles y equipo y suministros de natación y de spa"},
{"id":"50100000", "nombre":"Frutos secos"},
{"id":"50110000", "nombre":"Productos de carne y aves de corral"},
{"id":"50120000", "nombre":"Pescados y mariscos"},
{"id":"50130000", "nombre":"Productos lácteos y huevos"},
{"id":"50150000", "nombre":"Aceites y grasas comestibles"},
{"id":"50160000", "nombre":"Chocolates, azúcares, edulcorantes y productos de confitería"},
{"id":"50170000", "nombre":"Condimentos y conservantes"},
{"id":"50180000", "nombre":"Productos de panadería"},
{"id":"50190000", "nombre":"Alimentos preparados y conservados"},
{"id":"50200000", "nombre":"Bebidas"},
{"id":"50210000", "nombre":"Tabaco y productos de fumar y substitutos"},
{"id":"50220000", "nombre":"Productos de cereales y legumbres"},
{"id":"50300000", "nombre":"Fruta fresca"},
{"id":"50310000", "nombre":"Fruta orgánica fresca"},
{"id":"50320000", "nombre":"Fruta seca"},
{"id":"50330000", "nombre":"Fruta orgánica seca"},
{"id":"50340000", "nombre":"Fruta congelada"},
{"id":"50350000", "nombre":"Fruta orgánica congelada"},
{"id":"50360000", "nombre":"Fruta en lata o en frasco"},
{"id":"50370000", "nombre":"Fruta orgánica en lata o en frasco"},
{"id":"50380000", "nombre":"Puré de frutas"},
{"id":"50400000", "nombre":"Vegetales frescos"},
{"id":"50410000", "nombre":"Vegetales orgánicos frescos"},
{"id":"50420000", "nombre":"Vegetales secos"},
{"id":"50430000", "nombre":"Vegetales orgánicos secos"},
{"id":"50440000", "nombre":"Vegetales congelados"},
{"id":"50450000", "nombre":"Vegetales orgánicos congelados"},
{"id":"50460000", "nombre":"Vegetales en lata o en frasco"},
{"id":"50470000", "nombre":"Vegetales orgánicos en lata o en frasco"},
{"id":"51100000", "nombre":"Medicamentos antiinfecciosos"},
{"id":"51110000", "nombre":"Agentes antitumorales"},
{"id":"51120000", "nombre":"Medicamentos cardiovasculares"},
{"id":"51130000", "nombre":"Medicamentos hematólogos"},
{"id":"51140000", "nombre":"Medicamentos para el sistema nervioso central"},
{"id":"51150000", "nombre":"Medicamentos para el sistema nervioso autónomo"},
{"id":"51160000", "nombre":"Medicamentos que afectan al sistema respiratorio"},
{"id":"51170000", "nombre":"Medicamentos que afectan al sistema gastrointestinal"},
{"id":"51180000", "nombre":"Hormonas y antagonistas hormonales"},
{"id":"51190000", "nombre":"Agentes que afectan el agua y los electrolitos"},
{"id":"51200000", "nombre":"Medicamentos inmunomoduladores"},
{"id":"51210000", "nombre":"Categorías de medicamentos varios"},
{"id":"51240000", "nombre":"Fármacos que afectan a los oídos, los ojos, la nariz y la piel"},
{"id":"51250000", "nombre":"Suplementos alimenticios veterinarios"},
{"id":"52100000", "nombre":"Revestimientos de suelos"},
{"id":"52120000", "nombre":"Ropa de cama, mantelerías, paños de cocina y toallas"},
{"id":"52130000", "nombre":"Tratamientos de ventanas"},
{"id":"52140000", "nombre":"Aparatos electrodomésticos"},
{"id":"52150000", "nombre":"Utensilios de cocina domésticos"},
{"id":"52160000", "nombre":"Electrónica de consumo"},
{"id":"52170000", "nombre":"Tratamientos de pared doméstica"},
{"id":"53100000", "nombre":"Ropa"},
{"id":"53110000", "nombre":"Calzado"},
{"id":"53120000", "nombre":"Maletas, bolsos de mano, mochilas y estuches"},
{"id":"53130000", "nombre":"Artículos de tocador y cuidado personal"},
{"id":"53140000", "nombre":"Fuentes y accesorios de costura"},
{"id":"54100000", "nombre":"Joyería"},
{"id":"54110000", "nombre":"Relojes"},
{"id":"54120000", "nombre":"Gemas"},
{"id":"55100000", "nombre":"Medios impresos"},
{"id":"55110000", "nombre":"Material electrónico de referencia"},
{"id":"55120000", "nombre":"Etiquetado y accesorios"},
{"id":"56100000", "nombre":"Muebles de alojamiento"},
{"id":"56110000", "nombre":"Muebles comerciales e industriales"},
{"id":"56120000", "nombre":"Mobiliario institucional, escolar y educativo y accesorios"},
{"id":"56130000", "nombre":"Muebles y accesorios para merchandising"},
{"id":"56140000", "nombre":"Adornos para el hogar"},
{"id":"60100000", "nombre":"Materiales didácticos profesionales y de desarrollo y accesorios y suministros"},
{"id":"60110000", "nombre":"Decoraciones y suministros del aula"},
{"id":"60120000", "nombre":"Equipo, accesorios y suministros de arte y manualidades"},
{"id":"60130000", "nombre":"Instrumentos musicales, piezas y accesorios"},
{"id":"60140000", "nombre":"Juguetes y juegos"},
{"id":"70100000", "nombre":"Pesquerías y acuicultura"},
{"id":"70110000", "nombre":"Horticultura"},
{"id":"70120000", "nombre":"Servicios de animales vivos"},
{"id":"70130000", "nombre":"Preparación, gestión y protección del terreno y del suelo"},
{"id":"70140000", "nombre":"Producción, gestión y protección de cultivos"},
{"id":"70150000", "nombre":"Silvicultura"},
{"id":"70160000", "nombre":"Fauna y flora silvestres"},
{"id":"70170000", "nombre":"Desarrollo y vigilancia de recursos hidráulicos"},
{"id":"71100000", "nombre":"Servicios de minería"},
{"id":"71110000", "nombre":"Servicios de perforación y prospección petrolífera y de gas"},
{"id":"71120000", "nombre":"Servicios de construcción y perforación de pozos"},
{"id":"71130000", "nombre":"Servicios de aumento de la extracción y producción de gas y petróleo"},
{"id":"71140000", "nombre":"Servicios de restauración y recuperación de gas y petróleo"},
{"id":"71150000", "nombre":"Servicios de procesamiento y gestión de datos de petróleo y gas"},
{"id":"71160000", "nombre":"Servicios de gerencia de proyectos en pozos de petróleo y gas"},
{"id":"72100000", "nombre":"Servicios de mantenimiento y reparaciones de construcciones e instalaciones"},
{"id":"72110000", "nombre":"Servicios de construcción de edificaciones residenciales"},
{"id":"72120000", "nombre":"Servicios de construcción de edificaciones no residenciales"},
{"id":"72140000", "nombre":"Servicios de construcción pesada"},
{"id":"72150000", "nombre":"Servicios de mantenimiento y construcción de comercio especializado"},
{"id":"73100000", "nombre":"Industrias de plásticos y productos químicos"},
{"id":"73110000", "nombre":"Industrias de la madera y el papel"},
{"id":"73120000", "nombre":"Industrias del metal y de minerales"},
{"id":"73130000", "nombre":"Industrias de alimentos y bebidas"},
{"id":"73140000", "nombre":"Industrias de fibras, textiles y de tejidos"},
{"id":"73150000", "nombre":"Servicios de apoyo a la fabricación"},
{"id":"73160000", "nombre":"Fabricación de maquinaria y equipo de transporte"},
{"id":"73170000", "nombre":"Fabricación de productos eléctricos e instrumentos de precisión"},
{"id":"73180000", "nombre":"Servicios de maquinado y procesado"},
{"id":"76100000", "nombre":"Servicios de descontaminación"},
{"id":"76110000", "nombre":"Servicios de aseo y limpieza"},
{"id":"76120000", "nombre":"Eliminación y tratamiento de desechos"},
{"id":"76130000", "nombre":"Limpieza de residuos tóxicos y peligrosos"},
{"id":"77100000", "nombre":"Gestión medioambiental"},
{"id":"77110000", "nombre":"Protección medioambiental"},
{"id":"77120000", "nombre":"Seguimiento, control y rehabilitación de la contaminación"},
{"id":"77130000", "nombre":"Servicios de seguimiento, control o rehabilitación de contaminantes"},
{"id":"78100000", "nombre":"Transporte de correo y carga"},
{"id":"78110000", "nombre":"Transporte de pasajeros"},
{"id":"78120000", "nombre":"Manejo y embalaje de material"},
{"id":"78130000", "nombre":"Almacenaje"},
{"id":"78140000", "nombre":"Servicios de transporte"},
{"id":"78180000", "nombre":"Servicios de mantenimiento o reparaciones de transportes"},
{"id":"80100000", "nombre":"Servicios de asesoría de gestión"},
{"id":"80110000", "nombre":"Servicios de recursos humanos"},
{"id":"80120000", "nombre":"Servicios legales"},
{"id":"80130000", "nombre":"Servicios inmobiliarios"},
{"id":"80140000", "nombre":"Comercialización y distribución"},
{"id":"80150000", "nombre":"Política comercial y servicios"},
{"id":"80160000", "nombre":"Servicios de administración de empresas"},
{"id":"81100000", "nombre":"Servicios profesionales de ingeniería"},
{"id":"81110000", "nombre":"Servicios informáticos"},
{"id":"81120000", "nombre":"Economía"},
{"id":"81130000", "nombre":"Estadística"},
{"id":"81140000", "nombre":"Tecnologías de fabricación"},
{"id":"81150000", "nombre":"Servicios de pedología"},
{"id":"81160000", "nombre":"Entrega de servicios de tecnología de información"},
{"id":"82100000", "nombre":"Publicidad"},
{"id":"82110000", "nombre":"Escritura y traducciones"},
{"id":"82120000", "nombre":"Servicios de reproducción"},
{"id":"82130000", "nombre":"Servicios fotográficos"},
{"id":"82140000", "nombre":"Diseño gráfico"},
{"id":"82150000", "nombre":"Artistas e intérpretes profesionales"},
{"id":"83100000", "nombre":"Servicios públicos"},
{"id":"83110000", "nombre":"Servicios de medios de telecomunicaciones"},
{"id":"83120000", "nombre":"Servicios de información"},
{"id":"84100000", "nombre":"Finanzas de desarrollo"},
{"id":"84110000", "nombre":"Servicios de contabilidad y auditorias"},
{"id":"84120000", "nombre":"Banca e inversiones"},
{"id":"84130000", "nombre":"Servicios de seguros y pensiones"},
{"id":"84140000", "nombre":"Agencias de crédito"},
{"id":"85100000", "nombre":"Servicios integrales de salud"},
{"id":"85110000", "nombre":"Prevención y control de enfermedades"},
{"id":"85120000", "nombre":"Práctica médica"},
{"id":"85130000", "nombre":"Ciencia médica, investigación y experimentación"},
{"id":"85140000", "nombre":"Medicina alternativa y holística"},
{"id":"85150000", "nombre":"Servicios alimenticios y de nutrición"},
{"id":"85160000", "nombre":"Servicios de mantenimiento, renovación y reparación de equipo médico quirúrgico"},
{"id":"85170000", "nombre":"Servicios de muerte y soporte al fallecimiento"},
{"id":"86100000", "nombre":"Formación profesional"},
{"id":"86110000", "nombre":"Sistemas educativos alternativos"},
{"id":"86120000", "nombre":"Instituciones educativas"},
{"id":"86130000", "nombre":"Servicios educativos especializados"},
{"id":"86140000", "nombre":"Instalaciones educativas"},
{"id":"90100000", "nombre":"Restaurantes y catering (servicios de comidas y bebidas)"},
{"id":"90110000", "nombre":"Instalaciones hoteleras, alojamientos y centros de encuentros"},
{"id":"90120000", "nombre":"Facilitación de viajes"},
{"id":"90130000", "nombre":"Artes interpretativas"},
{"id":"90140000", "nombre":"Deportes comerciales"},
{"id":"90150000", "nombre":"Servicios de entretenimiento"},
{"id":"91100000", "nombre":"Aspecto personal"},
{"id":"91110000", "nombre":"Asistencia doméstica y personal"},
{"id":"92100000", "nombre":"Orden público y seguridad"},
{"id":"92110000", "nombre":"Servicios militares o defensa nacional"},
{"id":"92120000", "nombre":"Seguridad y protección personal"},
{"id":"93100000", "nombre":"Sistemas e instituciones políticas"},
{"id":"93110000", "nombre":"Condiciones sociopolíticas"},
{"id":"93120000", "nombre":"Relaciones internacionales"},
{"id":"93130000", "nombre":"Ayuda y asistencia humanitaria"},
{"id":"93140000", "nombre":"Servicios comunitarios y sociales"},
{"id":"93150000", "nombre":"Servicios de administración y financiación pública"},
{"id":"93160000", "nombre":"Tributación"},
{"id":"93170000", "nombre":"Política y regulación comercial"},
{"id":"94100000", "nombre":"Organizaciones laborales"},
{"id":"94110000", "nombre":"Organizaciones religiosas"},
{"id":"94120000", "nombre":"Clubes"},
{"id":"94130000", "nombre":"Organizaciones, asociaciones y movimientos cívicos"},
{"id":"95100000", "nombre":"Parcelas de tierra"},
{"id":"95110000", "nombre":"Vías"},
{"id":"95120000", "nombre":"Estructuras y edificios permanentes"},
{"id":"95130000", "nombre":"Estructuras y edificios móviles"},
{"id":"95140000", "nombre":"Estructuras y edificios prefabricados"}
]