{"provincias":
  [ 
     { "id": "0101" , "nombre":"CHACHAPOYAS"},
     { "id": "0102" , "nombre":"BAGUA"},
     { "id": "0103" , "nombre":"BONGARA"},
     { "id": "0104" , "nombre":"CONDORCANQUI"},
     { "id": "0105" , "nombre":"LUYA"},
     { "id": "0106" , "nombre":"RODRIGUEZ DE MENDOZA"},
     { "id": "0107" , "nombre":"UTCUBAMBA"},
     { "id": "0201" , "nombre":"HUARAZ"},
     { "id": "0202" , "nombre":"AIJA"},
     { "id": "0203" , "nombre":"ANTONIO RAYMONDI"},
     { "id": "0204" , "nombre":"ASUNCION"},
     { "id": "0205" , "nombre":"BOLOGNESI"},
     { "id": "0206" , "nombre":"CARHUAZ"},
     { "id": "0207" , "nombre":"CARLOS F. FITZCARRALD"},
     { "id": "0208" , "nombre":"CASMA"},
     { "id": "0209" , "nombre":"CORONGO"},
     { "id": "0210" , "nombre":"HUARI"},
     { "id": "0211" , "nombre":"HUARMEY"},
     { "id": "0212" , "nombre":"HUAYLAS"},
     { "id": "0213" , "nombre":"MARISCAL LUZURIAGA"},
     { "id": "0214" , "nombre":"OCROS"},
     { "id": "0215" , "nombre":"PALLASCA"},
     { "id": "0216" , "nombre":"POMABAMBA"},
     { "id": "0217" , "nombre":"RECUAY"},
     { "id": "0218" , "nombre":"SANTA"},
     { "id": "0219" , "nombre":"SIHUAS"},
     { "id": "0220" , "nombre":"YUNGAY"},
     { "id": "0301" , "nombre":"ABANCAY"},
     { "id": "0302" , "nombre":"ANDAHUAYLAS"},
     { "id": "0303" , "nombre":"ANTABAMBA"},
     { "id": "0304" , "nombre":"AYMARAES"},
     { "id": "0305" , "nombre":"COTABAMBAS"},
     { "id": "0306" , "nombre":"CHINCHEROS"},
     { "id": "0307" , "nombre":"GRAU"},
     { "id": "0401" , "nombre":"AREQUIPA"},
     { "id": "0402" , "nombre":"CAMANA"},
     { "id": "0403" , "nombre":"CARAVELI"},
     { "id": "0404" , "nombre":"CASTILLA"},
     { "id": "0405" , "nombre":"CAYLLOMA"},
     { "id": "0406" , "nombre":"CONDESUYOS"},
     { "id": "0407" , "nombre":"ISLAY"},
     { "id": "0408" , "nombre":"LA UNION"},
     { "id": "0501" , "nombre":"HUAMANGA"},
     { "id": "0502" , "nombre":"CANGALLO"},
     { "id": "0503" , "nombre":"HUANCA SANCOS"},
     { "id": "0504" , "nombre":"HUANTA"},
     { "id": "0505" , "nombre":"LA MAR"},
     { "id": "0506" , "nombre":"LUCANAS"},
     { "id": "0507" , "nombre":"PARINACOCHAS"},
     { "id": "0508" , "nombre":"PAUCAR DEL SARA SARA"},
     { "id": "0509" , "nombre":"SUCRE"},
     { "id": "0510" , "nombre":"VICTOR FAJARDO"},
     { "id": "0511" , "nombre":"VILCAS HUAMAN"},
     { "id": "0601" , "nombre":"CAJAMARCA"},
     { "id": "0602" , "nombre":"CAJABAMBA"},
     { "id": "0603" , "nombre":"CELENDIN"},
     { "id": "0604" , "nombre":"CHOTA"},
     { "id": "0605" , "nombre":"CONTUMAZA"},
     { "id": "0606" , "nombre":"CUTERVO"},
     { "id": "0607" , "nombre":"HUALGAYOC"},
     { "id": "0608" , "nombre":"JAEN"},
     { "id": "0609" , "nombre":"SAN IGNACIO"},
     { "id": "0610" , "nombre":"SAN MARCOS"},
     { "id": "0611" , "nombre":"SAN MIGUEL"},
     { "id": "0612" , "nombre":"SAN PABLO"},
     { "id": "0613" , "nombre":"SANTA CRUZ"},
     { "id": "0701" , "nombre":"PROV. CONST. DEL CALLAO"},
     { "id": "0801" , "nombre":"CUSCO"},
     { "id": "0802" , "nombre":"ACOMAYO"},
     { "id": "0803" , "nombre":"ANTA"},
     { "id": "0804" , "nombre":"CALCA"},
     { "id": "0805" , "nombre":"CANAS"},
     { "id": "0806" , "nombre":"CANCHIS"},
     { "id": "0807" , "nombre":"CHUMBIVILCAS"},
     { "id": "0808" , "nombre":"ESPINAR"},
     { "id": "0809" , "nombre":"LA CONVENCION"},
     { "id": "0810" , "nombre":"PARURO"},
     { "id": "0811" , "nombre":"PAUCARTAMBO"},
     { "id": "0812" , "nombre":"QUISPICANCHI"},
     { "id": "0813" , "nombre":"URUBAMBA"},
     { "id": "0901" , "nombre":"HUANCAVELICA"},
     { "id": "0902" , "nombre":"ACOBAMBA"},
     { "id": "0903" , "nombre":"ANGARAES"},
     { "id": "0904" , "nombre":"CASTROVIRREYNA"},
     { "id": "0905" , "nombre":"CHURCAMPA"},
     { "id": "0906" , "nombre":"HUAYTARA"},
     { "id": "0907" , "nombre":"TAYACAJA"},
     { "id": "1001" , "nombre":"HUANUCO"},
     { "id": "1002" , "nombre":"AMBO"},
     { "id": "1003" , "nombre":"DOS DE MAYO"},
     { "id": "1004" , "nombre":"HUACAYBAMBA"},
     { "id": "1005" , "nombre":"HUAMALIES"},
     { "id": "1006" , "nombre":"LEONCIO PRADO"},
     { "id": "1007" , "nombre":"MARA&Ntilde;ON"},
     { "id": "1008" , "nombre":"PACHITEA"},
     { "id": "1009" , "nombre":"PUERTO INCA"},
     { "id": "1010" , "nombre":"LAURICOCHA"},
     { "id": "1011" , "nombre":"YAROWILCA"},
     { "id": "1101" , "nombre":"ICA"},
     { "id": "1102" , "nombre":"CHINCHA"},
     { "id": "1103" , "nombre":"NASCA"},
     { "id": "1104" , "nombre":"PALPA"},
     { "id": "1105" , "nombre":"PISCO"},
     { "id": "1201" , "nombre":"HUANCAYO"},
     { "id": "1202" , "nombre":"CONCEPCION"},
     { "id": "1203" , "nombre":"CHANCHAMAYO"},
     { "id": "1204" , "nombre":"JAUJA"},
     { "id": "1205" , "nombre":"JUNIN"},
     { "id": "1206" , "nombre":"SATIPO"},
     { "id": "1207" , "nombre":"TARMA"},
     { "id": "1208" , "nombre":"YAULI"},
     { "id": "1209" , "nombre":"CHUPACA"},
     { "id": "1301" , "nombre":"TRUJILLO"},
     { "id": "1302" , "nombre":"ASCOPE"},
     { "id": "1303" , "nombre":"BOLIVAR"},
     { "id": "1304" , "nombre":"CHEPEN"},
     { "id": "1305" , "nombre":"JULCAN"},
     { "id": "1306" , "nombre":"OTUZCO"},
     { "id": "1307" , "nombre":"PACASMAYO"},
     { "id": "1308" , "nombre":"PATAZ"},
     { "id": "1309" , "nombre":"SANCHEZ CARRION"},
     { "id": "1310" , "nombre":"SANTIAGO DE CHUCO"},
     { "id": "1311" , "nombre":"GRAN CHIMU"},
     { "id": "1312" , "nombre":"VIRU"},
     { "id": "1401" , "nombre":"CHICLAYO"},
     { "id": "1402" , "nombre":"FERRE&Ntilde;AFE"},
     { "id": "1403" , "nombre":"LAMBAYEQUE"},
     { "id": "1501" , "nombre":"LIMA"},
     { "id": "1502" , "nombre":"BARRANCA"},
     { "id": "1503" , "nombre":"CAJATAMBO"},
     { "id": "1504" , "nombre":"CANTA"},
     { "id": "1505" , "nombre":"CA&Ntilde;ETE"},
     { "id": "1506" , "nombre":"HUARAL"},
     { "id": "1507" , "nombre":"HUAROCHIRI"},
     { "id": "1508" , "nombre":"HUAURA"},
     { "id": "1509" , "nombre":"OYON"},
     { "id": "1510" , "nombre":"YAUYOS"},
     { "id": "1601" , "nombre":"MAYNAS"},
     { "id": "1602" , "nombre":"ALTO AMAZONAS"},
     { "id": "1603" , "nombre":"LORETO"},
     { "id": "1604" , "nombre":"MARISCAL RAMON CASTILLA"},
     { "id": "1605" , "nombre":"REQUENA"},
     { "id": "1606" , "nombre":"UCAYALI"},
     { "id": "1607" , "nombre":"DATEM DEL MARA&Ntilde;ON"},     
     { "id": "1608" , "nombre":"PUTUMAYO"},     
     { "id": "1702" , "nombre":"MANU"},
     { "id": "1703" , "nombre":"TAHUAMANU"},
     { "id": "1801" , "nombre":"MARISCAL NIETO"},
     { "id": "1802" , "nombre":"GENERAL SANCHEZ CERRO"},
     { "id": "1803" , "nombre":"ILO"},
     { "id": "1901" , "nombre":"PASCO"},
     { "id": "1902" , "nombre":"DANIEL ALCIDES CARRION"},
     { "id": "1903" , "nombre":"OXAPAMPA"},
     { "id": "2001" , "nombre":"PIURA"},
     { "id": "2002" , "nombre":"AYABACA"},
     { "id": "2003" , "nombre":"HUANCABAMBA"},
     { "id": "2004" , "nombre":"MORROPON"},
     { "id": "2005" , "nombre":"PAITA"},
     { "id": "2006" , "nombre":"SULLANA"},
     { "id": "2007" , "nombre":"TALARA"},
     { "id": "2008" , "nombre":"SECHURA"},
     { "id": "2101" , "nombre":"PUNO"},
     { "id": "2102" , "nombre":"AZANGARO"},
     { "id": "2103" , "nombre":"CARABAYA"},
     { "id": "2104" , "nombre":"CHUCUITO"},
     { "id": "2105" , "nombre":"EL COLLAO"},
     { "id": "2106" , "nombre":"HUANCANE"},
     { "id": "2107" , "nombre":"LAMPA"},
     { "id": "2108" , "nombre":"MELGAR"},
     { "id": "2109" , "nombre":"MOHO"},
     { "id": "2110" , "nombre":"SAN ANTONIO DE PUTINA"},
     { "id": "2111" , "nombre":"SAN ROMAN"},
     { "id": "2112" , "nombre":"SANDIA"},
     { "id": "2113" , "nombre":"YUNGUYO"},
     { "id": "2201" , "nombre":"MOYOBAMBA"},
     { "id": "2202" , "nombre":"BELLAVISTA"},
     { "id": "2203" , "nombre":"EL DORADO"},
     { "id": "2204" , "nombre":"HUALLAGA"},
     { "id": "2205" , "nombre":"LAMAS"},
     { "id": "2206" , "nombre":"MARISCAL CACERES"},
     { "id": "2207" , "nombre":"PICOTA"},
     { "id": "2208" , "nombre":"RIOJA"},
     { "id": "2209" , "nombre":"SAN MARTIN"},
     { "id": "2210" , "nombre":"TOCACHE"},
     { "id": "2301" , "nombre":"TACNA"},
     { "id": "2302" , "nombre":"CANDARAVE"},
     { "id": "2303" , "nombre":"JORGE BASADRE"},
     { "id": "2304" , "nombre":"TARATA"},
     { "id": "2401" , "nombre":"TUMBES"},
     { "id": "2402" , "nombre":"CONTRALMIRANTE VILLAR"},
     { "id": "2403" , "nombre":"ZARUMILLA"},
     { "id": "2501" , "nombre":"CORONEL PORTILLO"},
     { "id": "2502" , "nombre":"ATALAYA"},
     { "id": "2503" , "nombre":"PADRE ABAD"},
     { "id": "2504" , "nombre":"PURUS"},
     { "id": "1701" , "nombre":"TAMBOPATA"}
 
  ]
}
