[
{"id":"10000000", "nombre":"Material Vivo Vegetal y Animal, Accesorios y Suministros"},
{"id":"11000000", "nombre":"Material Mineral, Textil y  Vegetal y Animal No Comestible"},
{"id":"12000000", "nombre":"Material Químico incluyendo Bioquímicos y Materiales de Gas"},
{"id":"13000000", "nombre":"Materiales de Resina, Colofonia, Caucho, Espuma, Película y Elastómericos"},
{"id":"14000000", "nombre":"Materiales y Productos de Papel"},
{"id":"15000000", "nombre":"Materiales Combustibles, Aditivos para Combustibles, Lubricantes y Anticorrosivos"},
{"id":"20000000", "nombre":"Maquinaria y Accesorios de Minería y Perforación de Pozos"},
{"id":"21000000", "nombre":"Maquinaria y Accesorios para Agricultura, Pesca, Silvicultura y Fauna"},
{"id":"22000000", "nombre":"Maquinaria y Accesorios para Construcción y Edificación"},
{"id":"23000000", "nombre":"Maquinaria y Accesorios para Manufactura y Procesamiento Industrial"},
{"id":"24000000", "nombre":"Maquinaria, Accesorios y Suministros para Manejo, Acondicionamiento y Almacenamiento de Materiales"},
{"id":"25000000", "nombre":"Vehículos Comerciales, Militares y Particulares, Accesorios y Componentes"},
{"id":"26000000", "nombre":"Maquinaria y Accesorios para Generación y Distribución de Energía"},
{"id":"27000000", "nombre":"Herramientas y Maquinaria General"},
{"id":"30000000", "nombre":"Componentes y Suministros para Estructuras, Edificación, Construcción y Obras Civiles"},
{"id":"31000000", "nombre":"Componentes y Suministros de Manufactura"},
{"id":"32000000", "nombre":"Componentes y Suministros Electrónicos"},
{"id":"39000000", "nombre":"Componentes, Accesorios y Suministros de Sistemas Eléctricos e Iluminación"},
{"id":"40000000", "nombre":"Componentes y Equipos para Distribución y Sistemas de Acondicionamiento"},
{"id":"41000000", "nombre":"Equipos y Suministros de Laboratorio, de Medición, de Observación y de Pruebas"},
{"id":"42000000", "nombre":"Equipo Médico, Accesorios y Suministros"},
{"id":"43000000", "nombre":"Difusión de Tecnologías de Información y Telecomunicaciones"},
{"id":"44000000", "nombre":"Equipos de Oficina, Accesorios y Suministros"},
{"id":"45000000", "nombre":"Equipos y Suministros para Impresión, Fotografia y Audiovisuales"},
{"id":"46000000", "nombre":"Equipos y Suministros de Defensa, Orden Publico, Proteccion, Vigilancia y Seguridad"},
{"id":"47000000", "nombre":"Equipos de Limpieza y Suministros"},
{"id":"48000000", "nombre":"Maquinaria, Equipo y Suministros para la Industria de Servicios"},
{"id":"49000000", "nombre":"Equipos, Suministros y Accesorios para Deportes y Recreación"},
{"id":"50000000", "nombre":"Alimentos, Bebidas y Tabaco "},
{"id":"51000000", "nombre":"Medicamentos y Productos Farmacéuticos"},
{"id":"52000000", "nombre":"Artículos Domésticos, Suministros y Productos Electrónicos de Consumo "},
{"id":"53000000", "nombre":"Ropa, Maletas y Productos de Aseo Personal"},
{"id":"54000000", "nombre":"Productos para Relojería, Joyería y Piedras Preciosas"},
{"id":"55000000", "nombre":"Publicaciones Impresas, Publicaciones Electrónicas y Accesorios"},
{"id":"56000000", "nombre":"Muebles, Mobiliario y Decoración"},
{"id":"60000000", "nombre":"Instrumentos Musicales, Juegos, Juguetes, Artes, Artesanías y Equipo educativo, Materiales, Accesorios y Suministros"},
{"id":"70000000", "nombre":"Servicios de Contratacion Agrícola, Pesquera, Forestal y de Fauna"},
{"id":"70000000", "nombre":"Servicios de Contratación Agrícola, Pesquera, Forestal y de Fauna"},
{"id":"71000000", "nombre":"Servicios de Minería, Petróleo y Gas"},
{"id":"72000000", "nombre":"Servicios de Edificación, Construcción de Instalaciones y Mantenimiento"},
{"id":"73000000", "nombre":"Servicios de Producción Industrial y Manufactura"},
{"id":"76000000", "nombre":"Servicios de Limpieza, Descontaminación y Tratamiento de Residuos"},
{"id":"77000000", "nombre":"Servicios Medioambientales"},
{"id":"78000000", "nombre":"Servicios de Transporte, Almacenaje y Correo"},
{"id":"80000000", "nombre":"Servicios de Gestión, Servicios Profesionales de Empresa y Servicios Administrativos"},
{"id":"81000000", "nombre":"Servicios Basados en Ingeniería, Investigación y Tecnología"},
{"id":"82000000", "nombre":"Servicios Editoriales, de Diseño, de Artes Graficas y Bellas Artes"},
{"id":"83000000", "nombre":"Servicios Públicos y Servicios Relacionados con el Sector Público"},
{"id":"84000000", "nombre":"Servicios Financieros y de Seguros"},
{"id":"85000000", "nombre":"Servicios de Salud"},
{"id":"86000000", "nombre":"Servicios Educativos y de Formación"},
{"id":"90000000", "nombre":"Servicios de Viajes, Alimentación, Alojamiento y Entretenimiento"},
{"id":"91000000", "nombre":"Servicios Personales y Domésticos"},
{"id":"92000000", "nombre":"Servicios de Defensa Nacional, Orden Publico, Seguridad y Vigilancia"},
{"id":"93000000", "nombre":"Servicios Políticos y de Asuntos Cívicos"},
{"id":"94000000", "nombre":"Organizaciones y Clubes"},
{"id":"95000000", "nombre":"Terrenos, Edificios, Estructuras y Vías"}
]