<?xml version="1.0" encoding="UTF-8"?>

<beans xmlns="http://www.springframework.org/schema/beans"
       xmlns:xsi="http://www.w3.org/2001/XMLSchema-instance"
       xmlns:aop="http://www.springframework.org/schema/aop"
       xmlns:tx="http://www.springframework.org/schema/tx"
       xsi:schemaLocation="
       		http://www.springframework.org/schema/beans
       		http://www.springframework.org/schema/beans/spring-beans-2.5.xsd
       		http://www.springframework.org/schema/tx
       		http://www.springframework.org/schema/tx/spring-tx-2.5.xsd
       		http://www.springframework.org/schema/aop
       		http://www.springframework.org/schema/aop/spring-aop-2.5.xsd">
				
	<bean name="/consultar.do" class="pe.gob.sunat.servicio2.registro.electronico.comppago.consulta.web.controller.ConsultaCPEITController" scope="request">
		<property name="methodNameResolver" ref="methodNameResolver"/>
		<property name="view" value="jsonView"/>
		<property name="iframeJsonView" value="iframeJsonView"/>
		<property name="downloadView" value="downloadView"/>
		<property name="consultarService" ref="consultarService"/>		
	</bean>

	<bean id="methodNameResolver" class="org.springframework.web.servlet.mvc.multiaction.ParameterMethodNameResolver">
		<property name="paramName">
			<value>action</value>
		</property>
		<property name="defaultMethodName">
			<value>inicioGEM</value>
		</property>
	</bean>	
	
	<bean id="xmlViewResolver" class="org.springframework.web.servlet.view.XmlViewResolver">
		<property name="order" value="0"/>
    	<property name="location" value="/WEB-INF/itconscpegem-views.xml"/>
	</bean>
	
<!--	<bean id="defaultHandlerMapping" class="org.springframework.web.servlet.handler.BeanNameUrlHandlerMapping"/>-->

	<bean id="secureHandlerMapping" class="org.springframework.web.servlet.handler.SimpleUrlHandlerMapping">
		<property name="interceptors">
			<list>
				<ref bean="menuInternetInterceptor"/>
			</list>
		</property>
		<property name="urlMap">
			<props>
				<prop key="/consultar.do">/consultar.do</prop>
			</props>
		</property>
	</bean>
	
	<bean id="autenticaTestConfig" class="org.springframework.beans.factory.config.PropertiesFactoryBean">
		<property name="location">
  			<value>classpath:autenticaTest.properties</value> 
  		</property>
  	</bean>

	<bean id="msgView" class="org.springframework.web.servlet.ModelAndView">
		<constructor-arg type="java.lang.String" value="PagM" /> 
	</bean>

	<bean id="menuInternetInterceptor" class="pe.gob.sunat.tecnologia.menu.sso.web.controller.MenuInternetInterceptor">
	    <!-- <property name="testingFile" ref="autenticaTestConfig" /> -->
        <property name="msgView" ref="msgView" />
	</bean>
	
	 
	

</beans>
