<?xml version="1.0" encoding="UTF-8" ?>
<!DOCTYPE sqlMapConfig PUBLIC "-//iBATIS.com//DTD SQL Map Config 2.0//EN" "http://www.ibatis.com/dtd/sql-map-config-2.dtd">
<sqlMapConfig>
	<!-- 
	errorTracingEnabled="true"		activar el log de errores
	cacheModelsEnabled="true"		activar el soporte del cache
	useStatementNamespaces="true"	Activar el modo namespace
	-->
	
	<settings errorTracingEnabled="true"
			  cacheModelsEnabled="true" 
			  useStatementNamespaces="true"/>
			  
	<typeHandler callback="pe.gob.sunat.framework.spring.util.dao.ibatis.FechaTypeHandler"
				 javaType="pe.gob.sunat.framework.spring.util.date.FechaBean"/>

	<!-- bditsgme -->
	<sqlMap resource="pe/gob/sunat/servicio2/registro/electronico/comppago/factura/model/dao/ibatis/maps/T4241.xml"/>
	<sqlMap resource="pe/gob/sunat/servicio2/registro/electronico/comppago/factura/model/dao/ibatis/maps/T10194.xml"/>
	<sqlMap resource="pe/gob/sunat/servicio2/registro/electronico/comppago/factura/model/dao/ibatis/maps/T4243.xml"/>
	<sqlMap resource="pe/gob/sunat/servicio2/registro/electronico/comppago/factura/model/dao/ibatis/maps/T4429.xml"/>
	<sqlMap resource="pe/gob/sunat/servicio2/registro/electronico/comppago/factura/model/dao/ibatis/maps/T4703.xml"/>
	<sqlMap resource="pe/gob/sunat/servicio2/registro/electronico/comppago/factura/model/dao/ibatis/maps/T4541.xml"/>
	
	<sqlMap resource="pe/gob/sunat/servicio2/registro/electronico/comppago/factura/model/dao/ibatis/maps/T4283.xml"/>
	<sqlMap resource="pe/gob/sunat/servicio2/registro/electronico/comppago/factura/model/dao/ibatis/maps/T4534.xml"/>
	<sqlMap resource="pe/gob/sunat/servicio2/registro/model/dao/ibatis/maps/T01.xml"/>
	
</sqlMapConfig>