<?xml version="1.0" encoding="UTF-8"?>
<!DOCTYPE sqlMap PUBLIC "-//ibatis.apache.org//DTD SQL Map 2.0//EN" "http://ibatis.apache.org/dtd/sql-map-2.dtd">
<sqlMap namespace="t5229direccion">
  <resultMap class="pe.gob.sunat.servicio2.registro.electronico.comppago.guiaremision.controlbienes.bean.T5229Bean" id="ibatorgenerated_BaseResultMap">
    <!--
      WARNING - This element is automatically generated by Apache iBATIS ibator, do not modify.
      This element was generated on Mon Jul 15 14:39:47 COT 2013.
    -->
    <result column="cod_cpe" jdbcType="CHAR" property="codCpe" />
    <result column="cod_tipo_direccion" jdbcType="INTEGER" property="codTipoDireccion" />
    <result column="num_cpe" jdbcType="INTEGER" property="numCpe" />
    <result column="num_direccion" jdbcType="INTEGER" property="numDireccion" />
    <result column="num_ruc" jdbcType="CHAR" property="numRuc" />
    <result column="num_serie_cpe" jdbcType="VARCHAR" property="numSerieCpe" />
    <result column="cod_ubigeo" jdbcType="VARCHAR" property="codUbigeo" />
    <result column="des_direccion" jdbcType="VARCHAR" property="desDireccion" />
    <result column="cod_usumodif" jdbcType="VARCHAR" property="codUsumodif" />
    <result column="fec_modif" jdbcType="TIMESTAMP" property="fecModif" />
    <result column="cod_estab" jdbcType="INTEGER" property="cod_estab" />
  </resultMap>
  <select id="ibatorgenerated_selectByPrimaryKey" parameterClass="pe.gob.sunat.servicio2.registro.electronico.comppago.guiaremision.controlbienes.bean.T5229Bean" resultMap="ibatorgenerated_BaseResultMap">
    <!--
      WARNING - This element is automatically generated by Apache iBATIS ibator, do not modify.
      This element was generated on Mon Jul 15 14:39:47 COT 2013.
    -->
    select cod_cpe, cod_tipo_direccion, num_cpe, num_direccion, num_ruc, num_serie_cpe, cod_ubigeo,
           des_direccion, num_ruc_domicilio, cod_estab, cod_usumodif, fec_modif
    from t5229direccion
    where num_ruc = #numRuc:CHAR#
      and cod_cpe = #codCpe:CHAR#
      and num_serie_cpe = #numSerieCpe:VARCHAR#
      and num_cpe = #numCpe:INTEGER#
      and cod_tipo_direccion = #codTipoDireccion:INTEGER#
      and num_direccion = #numDireccion:INTEGER#
  </select>
  <delete id="ibatorgenerated_deleteByPrimaryKey" parameterClass="pe.gob.sunat.servicio2.registro.electronico.comppago.guiaremision.controlbienes.bean.T5229Bean">
    <!--
      WARNING - This element is automatically generated by Apache iBATIS ibator, do not modify.
      This element was generated on Mon Jul 15 14:39:47 COT 2013.
    -->
    delete from t5229direccion
    where num_ruc = #numRuc:CHAR#
      and cod_cpe = #codCpe:CHAR#
      and num_serie_cpe = #numSerieCpe:VARCHAR#
      and num_cpe = #numCpe:INTEGER#
      and cod_tipo_direccion = #codTipoDireccion:INTEGER#
      and num_direccion = #numDireccion:INTEGER#
  </delete>
  <insert id="ibatorgenerated_insert" parameterClass="pe.gob.sunat.servicio2.registro.electronico.comppago.guiaremision.controlbienes.bean.T5229Bean">
    <!--
      WARNING - This element is automatically generated by Apache iBATIS ibator, do not modify.
      This element was generated on Mon Jul 15 14:39:47 COT 2013.
    -->
    insert into t5229direccion (cod_cpe       , cod_tipo_direccion, num_cpe      , num_direccion, num_ruc    , num_serie_cpe, 
                                cod_ubigeo    , des_direccion     , num_ruc_domicilio, cod_estab, cod_tipozona , nom_zona     , cod_tipovia, nom_via      ,
                                num_numero    , num_interior      , num_kilom    , num_manzana  , num_depar  , num_lote     , 
                                des_referencia, cod_usumodif      , fec_modif)
    values (#codCpe:CHAR#, #codTipoDireccion:INTEGER#, #numCpe:INTEGER#, #numDireccion:INTEGER#,
      #numRuc:CHAR#, #numSerieCpe:VARCHAR#, #codUbigeo:VARCHAR#, #desDireccion:VARCHAR#,#num_ruc_domicilio:CHAR#,#cod_estab:INTEGER#,
      #cod_tipozona:CHAR#, #nom_zona:VARCHAR#, #cod_tipovia:VARCHAR#, #nom_via:VARCHAR#,
      #num_numero:CHAR#, #num_interior:CHAR#, #num_kilom:CHAR#, #num_manzana:VARCHAR#,   
      #num_depar:CHAR#, #num_lote:CHAR#, #des_referencia:VARCHAR#,   
      #codUsumodif:VARCHAR#, #fecModif:TIMESTAMP#)
  </insert>
  <insert id="ibatorgenerated_insertSelective" parameterClass="pe.gob.sunat.servicio2.registro.electronico.comppago.guiaremision.controlbienes.bean.T5229Bean">
    <!--
      WARNING - This element is automatically generated by Apache iBATIS ibator, do not modify.
      This element was generated on Mon Jul 15 14:39:47 COT 2013.
    -->
    insert into t5229direccion
    <dynamic prepend="(">
      <isNotNull prepend="," property="codCpe">
        cod_cpe
      </isNotNull>
      <isNotNull prepend="," property="codTipoDireccion">
        cod_tipo_direccion
      </isNotNull>
      <isNotNull prepend="," property="numCpe">
        num_cpe
      </isNotNull>
      <isNotNull prepend="," property="numDireccion">
        num_direccion
      </isNotNull>
      <isNotNull prepend="," property="numRuc">
        num_ruc
      </isNotNull>
      <isNotNull prepend="," property="numSerieCpe">
        num_serie_cpe
      </isNotNull>
      <isNotNull prepend="," property="codUbigeo">
        cod_ubigeo
      </isNotNull>
      <isNotNull prepend="," property="desDireccion">
        des_direccion
      </isNotNull>
      <isNotNull prepend="," property="codUsumodif">
        cod_usumodif
      </isNotNull>
      <isNotNull prepend="," property="fecModif">
        fec_modif
      </isNotNull>
      )
    </dynamic>
    values
    <dynamic prepend="(">
      <isNotNull prepend="," property="codCpe">
        #codCpe:CHAR#
      </isNotNull>
      <isNotNull prepend="," property="codTipoDireccion">
        #codTipoDireccion:INTEGER#
      </isNotNull>
      <isNotNull prepend="," property="numCpe">
        #numCpe:INTEGER#
      </isNotNull>
      <isNotNull prepend="," property="numDireccion">
        #numDireccion:INTEGER#
      </isNotNull>
      <isNotNull prepend="," property="numRuc">
        #numRuc:CHAR#
      </isNotNull>
      <isNotNull prepend="," property="numSerieCpe">
        #numSerieCpe:VARCHAR#
      </isNotNull>
      <isNotNull prepend="," property="codUbigeo">
        #codUbigeo:VARCHAR#
      </isNotNull>
      <isNotNull prepend="," property="desDireccion">
        #desDireccion:VARCHAR#
      </isNotNull>
      <isNotNull prepend="," property="codUsumodif">
        #codUsumodif:VARCHAR#
      </isNotNull>
      <isNotNull prepend="," property="fecModif">
        #fecModif:TIMESTAMP#
      </isNotNull>
      )
    </dynamic>
  </insert>
  <update id="ibatorgenerated_updateByPrimaryKeySelective" parameterClass="pe.gob.sunat.servicio2.registro.electronico.comppago.guiaremision.controlbienes.bean.T5229Bean">
    <!--
      WARNING - This element is automatically generated by Apache iBATIS ibator, do not modify.
      This element was generated on Mon Jul 15 14:39:47 COT 2013.
    -->
    update t5229direccion
    <dynamic prepend="set">
      <isNotNull prepend="," property="codUbigeo">
        cod_ubigeo = #codUbigeo:VARCHAR#
      </isNotNull>
      <isNotNull prepend="," property="desDireccion">
        des_direccion = #desDireccion:VARCHAR#
      </isNotNull>
      <isNotNull prepend="," property="codUsumodif">
        cod_usumodif = #codUsumodif:VARCHAR#
      </isNotNull>
      <isNotNull prepend="," property="fecModif">
        fec_modif = #fecModif:TIMESTAMP#
      </isNotNull>
    </dynamic>
    where num_ruc = #numRuc:CHAR#
      and cod_cpe = #codCpe:CHAR#
      and num_serie_cpe = #numSerieCpe:VARCHAR#
      and num_cpe = #numCpe:INTEGER#
      and cod_tipo_direccion = #codTipoDireccion:INTEGER#
      and num_direccion = #numDireccion:INTEGER#
  </update>
  <update id="ibatorgenerated_updateByPrimaryKey" parameterClass="pe.gob.sunat.servicio2.registro.electronico.comppago.guiaremision.controlbienes.bean.T5229Bean">
    <!--
      WARNING - This element is automatically generated by Apache iBATIS ibator, do not modify.
      This element was generated on Mon Jul 15 14:39:47 COT 2013.
    -->
    update t5229direccion
    set cod_ubigeo = #codUbigeo:VARCHAR#,
      des_direccion = #desDireccion:VARCHAR#,
      cod_usumodif = #codUsumodif:VARCHAR#,
      fec_modif = #fecModif:TIMESTAMP#
    where num_ruc = #numRuc:CHAR#
      and cod_cpe = #codCpe:CHAR#
      and num_serie_cpe = #numSerieCpe:VARCHAR#
      and num_cpe = #numCpe:INTEGER#
      and cod_tipo_direccion = #codTipoDireccion:INTEGER#
      and num_direccion = #numDireccion:INTEGER#
  </update>
  
  <select id="selectByUltimaDireccionDocumentoRelacionado" parameterClass="java.util.Map" resultMap="ibatorgenerated_BaseResultMap">
   		   select first 1 a.*
	from   t5229direccion a,
		  (
		  select num_ruc, cod_cpe, num_serie_cpe, num_cpe from t4429docrel a
		  where  a.num_ruc_rel       = #numRuc:CHAR#
		  and    a.cod_doc_rel       = #codCpe:CHAR#
		  and    a.num_serie_doc_rel = #numSerieCpe:VARCHAR#
		  and    a.num_doc_rel       = #numCpe:INTEGER#
		  and    a.cod_relacion      = #codRelacion:VARCHAR#
		  ) b
	where  a.num_ruc            = b.num_ruc
	and    a.cod_cpe            = b.cod_cpe
	and    a.num_serie_cpe      = b.num_serie_cpe
	and    a.num_cpe            = b.num_cpe
	and    a.cod_tipo_direccion = #codTipoDireccion:INTEGER#
	and    nvl(a.des_direccion,'') != ''
	order by fec_modif desc
  </select>
    <!--INICIO Pase: PAS20145E210000329-FSW - Se eliminó el campo fec_confirm-->
  <select id="datosDireccion" parameterClass="java.util.HashMap" resultClass="java.util.HashMap">
        select 'false' as QUERYID,cod_cpe,cod_tipo_direccion,num_cpe, 
             num_direccion,num_ruc,num_serie_cpe,cod_ubigeo,
             des_direccion,cod_usumodif,fec_modif
	     from t5229direccion c
         where c.num_ruc = #num_ruc#
		 AND c.cod_cpe = #cod_cpe#
		 AND c.num_serie_cpe = #num_serie_cpe#
		 AND c.num_cpe = #num_cpe#
		<isNotNull prepend="AND" property="codTipoDireccion">	 
		 c.cod_tipo_direccion = #codTipoDireccion:INTEGER#
		</isNotNull>
  </select>
  <!--FIN Pase: PAS20145E210000329-FSW-->
</sqlMap>