<?xml version="1.0" encoding="UTF-8"?>
<wls:weblogic-application
xmlns:wls="http://www.bea.com/ns/weblogic/weblogic-application"
xmlns:xsi="http://www.w3.org/2001/XMLSchema-instance"
xsi:schemaLocation="http://java.sun.com/xml/ns/javaee http://java.sun.com/xml/ns/javaee/javaee_5.xsd http://www.bea.com/ns/weblogic/weblogic-application http://www.bea.com/ns/weblogic/weblogic-application/1.0/weblogic-application.xsd">

<wls:library-ref>
     <wls:library-name>tecnologia-framework2-sharedlib</wls:library-name>
     <wls:specification-version>2.0</wls:specification-version>
     <wls:implementation-version>2.7.1</wls:implementation-version>     
  </wls:library-ref>
  
  <!-- Libreria compartida de terceros (spring, ibatis, etc, etc) -->
    <wls:library-ref>
		<wls:library-name>tecnologia-terceros-sharedlib</wls:library-name>
		<wls:specification-version>2.0</wls:specification-version>
		<wls:implementation-version>2.10.92</wls:implementation-version>
	</wls:library-ref>

  <wls:library-ref>
     <wls:library-name>tecnologia-seguridad-sharedlib</wls:library-name>
      <wls:specification-version>1.0</wls:specification-version>
     <wls:implementation-version>1.4.0</wls:implementation-version>     
  </wls:library-ref>
  
  <wls:library-ref>
     <wls:library-name>tecnologia-tercerosxml-sharedlib</wls:library-name>
      <wls:specification-version>1.0</wls:specification-version>
     <wls:implementation-version>1.1.0</wls:implementation-version>     
  </wls:library-ref>
  
  


</wls:weblogic-application>
