<?xml version="1.0" encoding="UTF-8" standalone="no"?>
<!DOCTYPE sqlMap PUBLIC "-//iBATIS.com//DTD SQL Map 2.0//EN" "http://www.ibatis.com/dtd/sql-map-2.dtd">
<sqlMap namespace="GreLogPack">
	<typeAlias type="pe.gob.sunat.servicio2.registro.electronico.comppago.factura.model.domain.BillLogPack" alias="logPack"/>
	
	<cacheModel id="FeLogCab-cache" type="LRU" readOnly="true">
      <flushInterval hours="1"/>
      <property name="size" value="10000" />
  </cacheModel>
	
	<update id="update" parameterClass="java.util.Map">
		UPDATE t6593loggrepack 
		SET 
			fec_fin= '0001-01-01 00:00:00', 
			val_estado=98
		WHERE 
			num_ticket = #numTicket#
	</update>

	<update id="updateData" parameterClass="logPack">
		UPDATE t6593loggrepack 
		SET 
			fec_fin= #fechaFin#, 
			val_estado=  #estadoProceso#
		WHERE 
			num_ticket = #ticket#
	</update>
</sqlMap>