<?xml version="1.0" encoding="UTF-8" standalone="no"?>
<!DOCTYPE sqlMap PUBLIC "-//iBATIS.com//DTD SQL Map 2.0//EN" "http://www.ibatis.com/dtd/sql-map-2.dtd">
<sqlMap namespace="GreLogCab">
	<typeAlias type="pe.gob.sunat.servicio2.registro.electronico.comppago.factura.model.domain.BillLogCab" alias="logCab"/>
	
	<cacheModel id="FeLogCab-cache" type="LRU" readOnly="true">
      <flushInterval hours="1"/>
      <property name="size" value="10000" />
  </cacheModel>
	
	<select id="selectByParam" parameterClass="java.util.Map" resultClass="logCab"  cacheModel="FeLogCab-cache">
		SELECT 
			num_ticket as ticket,
			des_archivo as nombreArchivo,
			fec_inicio as fechaInicio,
			fec_fin as fechaFin,
			val_estado as estadoProceso,
			num_result as codigoResultado,
			cod_usumodif as usuarioModificador,
			fec_modif as fechaModificacion
		FROM T6594LOGGRECAB
		WHERE
			num_ticket = #ticket# AND
			num_correl = #correlativo#;
	</select>
	
	<select id="delete" parameterClass="java.util.Map" resultClass="logCab"  cacheModel="FeLogCab-cache">
		DELETE
		FROM T6594LOGGRECAB
		WHERE
			num_ticket = #ticket# AND
			num_correl = #correlativo#;
	</select>
	
	<update id="update" parameterClass="java.util.Map">
        UPDATE T6594LOGGRECAB 
		SET 
			fec_fin = '0001-01-01 00:00:00', 
			val_estado = 98 , 
			num_result = null
		WHERE
			num_ticket = #ticket# AND
			num_correl = #correlativo#;
    </update>
    
    <update id="updateData" parameterClass="logCab">
        UPDATE T6594LOGGRECAB 
		SET 
			fec_fin = #fechaFin#, 
			val_estado = #estadoProceso#,
			num_result = #codigoResultado#
		WHERE
			num_ticket = #ticket# AND
			num_correl = #correlativo#;
    </update>
    
</sqlMap>