<?xml version="1.0" encoding="UTF-8" ?>
<!DOCTYPE sqlMap PUBLIC "-//ibatis.apache.org//DTD SQL Map 2.0//EN"
"http://ibatis.apache.org/dtd/sql-map-2.dtd">

<sqlMap namespace="T10194">
	<typeAlias alias="T10194Bean" type="pe.gob.sunat.servicio2.registro.electronico.comppago.factura.model.domain.T10194Bean"/>
	
	<select id="findByFiltro" parameterClass="T10194Bean" resultClass="T10194Bean">
		SELECT distinct a.num_ruc,a.cod_cpe,a.num_serie_cpe,a.num_cpe,a.cod_moneda,a.mto_subtotal_grava,
                a.mto_subtotal_inafe,a.mto_subtotal_exone,a.mto_subtotal,a.mto_igv,a.mto_otros_cargos,
                round(a.mto_importe_total,2),a.des_importe_total,a.des_dir_remate,a.cod_ubigeo,a.fec_emision,
                a.ind_baja,a.des_motivo,a.fec_baja,a.cod_usu_modif,a.fec_modif,a.cod_usu_regis,a.fec_usu_regis
                FROM t10194cabpae a, t10196perrel b 
                WHERE  a.num_ruc = b.num_ruc AND a.cod_cpe = b.cod_cpe AND  a.num_serie_cpe = b.num_serie_cpe 
                AND a.num_cpe = b.num_cpe 
		AND a.num_ruc = #num_ruc# AND a.cod_cpe = #cod_cpe# AND  a.num_serie_cpe = #num_serie_cpe# 
                AND a.num_cpe = #num_cpe# AND round(a.mto_importe_total,2)=#mto_importe_total#
		<dynamic>		
                    <isNotNull prepend="AND" property="num_docide_persona">	 
			b.cod_docide_persona= #cod_docide_persona# AND b.num_docide_persona= #num_docide_persona# AND b.cod_relacion='2' 
                    </isNotNull>
		</dynamic>
		AND date(a.fec_emision) = #fec_emision# ;
	</select>
        
        <select id="findByFiltroRucSerieCodNum" parameterClass="T10194Bean" resultClass="T10194Bean">
		SELECT distinct a.num_ruc,a.cod_cpe,a.num_serie_cpe,a.num_cpe,a.cod_moneda,a.mto_subtotal_grava,
                a.mto_subtotal_inafe,a.mto_subtotal_exone,a.mto_subtotal,a.mto_igv,a.mto_otros_cargos,
                round(a.mto_importe_total,2),a.des_importe_total,a.des_dir_remate,a.cod_ubigeo,a.fec_emision,
                a.ind_baja,a.des_motivo,a.fec_baja,a.cod_usu_modif,a.fec_modif,a.cod_usu_regis,a.fec_usu_regis
                FROM t10194cabpae a
                WHERE  a.num_ruc = #num_ruc# AND a.cod_cpe = #cod_cpe# AND  a.num_serie_cpe = #num_serie_cpe# 
                AND a.num_cpe = #num_cpe# ;
	</select>

</sqlMap>