<?xml version="1.0" encoding="UTF-8" ?>
<!DOCTYPE sqlMap PUBLIC "-//ibatis.apache.org//DTD SQL Map 2.0//EN"
"http://ibatis.apache.org/dtd/sql-map-2.dtd">

<sqlMap namespace="T10209">
	<typeAlias alias="T10209Bean" type="pe.gob.sunat.servicio2.registro.electronico.comppago.factura.model.domain.T10209Bean"/>
	<typeAlias alias="T4536Bean" type="pe.gob.sunat.servicio2.registro.electronico.comppago.factura.model.domain.T4536Bean"/>
	<typeAlias alias="T4241Bean" type="pe.gob.sunat.servicio2.registro.electronico.comppago.factura.model.domain.T4241Bean"/>
	
	<select id="findByFiltro" parameterClass="T10209Bean" resultClass="T10209Bean">
		SELECT  num_ruc, cod_cpe, num_serie_cpe, num_cpe, cod_docide_recep,  num_docide_recep, ind_estado, 
		mto_importe_ope mto_importe_total, fec_emision, ind_estado 
		FROM t10209daeoperador
		WHERE  num_ruc = #num_ruc# AND cod_cpe = #cod_cpe# AND  num_serie_cpe = #num_serie_cpe# AND  num_cpe = #num_cpe# 
		<dynamic>		
			<isNotNull prepend="AND" property="cod_docide_recep">
				cod_docide_recep = #cod_docide_recep# AND num_docide_recep = #num_docide_recep# 
		 	</isNotNull>
		 	<isNotNull prepend="AND" property="mto_importe_total">
				mto_importe_ope = #mto_importe_total# 
		 	</isNotNull>
		</dynamic>
		AND date(fec_emision) = #fec_emision#;
	</select>
	
	<select id="findByData" parameterClass="T4243Bean" resultClass="T4536Bean">
		SELECT num_ticket as ticket , 0 as correlativo, '' as firma
		FROM t10209daeoperador
		WHERE num_ruc       = #num_ruc#
        AND   cod_cpe       = #cod_cpe# 
        AND   num_serie_cpe = #num_serie_cpe#
        AND   num_cpe       = #num_cpe#
	</select>
	
	<select id="findByPK" parameterClass="T4241Bean" resultClass="T4241Bean">
		SELECT num_ruc, cod_cpe, num_serie_cpe, num_cpe, cod_docide_recep,  num_docide_recep, ind_estado, fec_emision
		FROM t10209daeoperador 
		WHERE num_ruc = #num_ruc#
		AND num_serie_cpe = #num_serie_cpe#
		AND num_cpe  = #num_cpe#
        AND cod_cpe =#cod_cpe#  
	</select>

</sqlMap>