<?xml version="1.0" encoding="UTF-8" ?>
<!DOCTYPE sqlMap PUBLIC "-//ibatis.apache.org//DTD SQL Map 2.0//EN"
"http://ibatis.apache.org/dtd/sql-map-2.dtd">

<sqlMap namespace="T4243">
	<typeAlias alias="T4243Bean" type="pe.gob.sunat.servicio2.registro.electronico.comppago.factura.model.domain.T4243Bean"/>
	<typeAlias alias="T4536Bean" type="pe.gob.sunat.servicio2.registro.electronico.comppago.factura.model.domain.T4536Bean"/>
	
	<select id="findByRUC_Serie_CPE_ID" parameterClass="T4243Bean" resultClass="T4243Bean">
		SELECT 
		num_ruc  ,  
        cod_cpe, 
        num_serie_cpe,   
        num_cpe   ,
        num_id_xml  ,  
        arc_xml ,
        fec_xml  ,
        ind_procedencia, 
        des_nombre  ,
        cod_usumodif ,
        fec_modif     
		FROM T4243xmlCPE 
		WHERE num_ruc       = #num_ruc#
        AND   cod_cpe       = #cod_cpe# 
        AND   num_serie_cpe = #num_serie_cpe#
        AND   num_cpe       = #num_cpe#
        AND   num_id_xml    = #num_id_xml#  
	</select>

	<select id="findFileXmlJoinTCabCPETArcXmlByPrimaryKey" parameterClass="T4243Bean" resultClass="T4243Bean">
		SELECT b.arc_xml as arc_xml
		FROM t4241cabcpe a, T4243xmlcpe b 
		WHERE a.num_id_xml = b.num_id_xml 
        AND   a.num_ruc     = #num_ruc#
        AND   a.cod_cpe  = #cod_cpe# 
        AND   a.num_serie_cpe = #num_serie_cpe#
        AND   a.num_cpe     = #num_cpe#
		AND	  b.num_ruc = a.num_ruc
	</select>
	
	<select id="findFileZipJoinTCabCPETRelcompelecTFESTOREByPrimaryKey" parameterClass="T4243Bean" resultClass="T4243Bean">
		select es.arc_input as arc_zip, p.des_archivo as des_nombre from 
		t4241cabcpe a 
		inner join t4534relcompelec re on re.num_ruc = a.num_ruc and re.cod_cpe = a.cod_cpe and re.num_serie_cpe = a.num_serie_cpe and re.num_cpe = a.num_cpe
		inner join T4536FESTORE es on es.num_ticket = re.num_ticket and es.num_correl = re.num_correl_ticket and es.ind_modo = 1 
		inner join t4533logfepack p on es.num_ticket = p.num_ticket
		WHERE a.num_ruc       = #num_ruc#
        AND   a.cod_cpe       = #cod_cpe# 
        AND   a.num_serie_cpe = #num_serie_cpe#
        AND   a.num_cpe       = #num_cpe#
	</select> 
	
	<select id="findFileZipJoinTCabCPETRelcompelecByPrimaryKey" parameterClass="T4243Bean" resultClass="T4536Bean">
		select re.num_ticket as ticket , re.num_correl_ticket as correlativo, re.des_firma as firma
		from t4241cabcpe a
		inner join t4534relcompelec re on re.num_ruc = a.num_ruc and re.cod_cpe = a.cod_cpe and re.num_serie_cpe = a.num_serie_cpe and re.num_cpe = a.num_cpe
		WHERE a.num_ruc       = #num_ruc#
        AND   a.cod_cpe       = #cod_cpe# 
        AND   a.num_serie_cpe = #num_serie_cpe#
        AND   a.num_cpe       = #num_cpe#
	</select> 
	
	
	<select id="findByRUC_Serie_CPE" parameterClass="T4243Bean" resultClass="T4243Bean">
		SELECT 
		num_ruc  ,  
        cod_cpe, 
        num_serie_cpe,   
        num_cpe   ,
        num_id_xml  ,  
        arc_xml ,
        fec_xml  ,
        ind_procedencia, 
        des_nombre  ,
        cod_usumodif ,
        fec_modif     
		FROM T4243xmlCPE 
		WHERE num_ruc       = #num_ruc#
        AND   cod_cpe       = #cod_cpe# 
        AND   num_serie_cpe = #num_serie_cpe#
        AND   num_cpe       = #num_cpe#  
	</select>
		
		
	<select id="find_ticket_CPE" parameterClass="T4243Bean" resultClass="java.util.HashMap">	
		SELECT 
		es.num_ticket AS num_ticket,
		<!--es.arc_input as arc_zip,--> 
		es.num_correl AS num_correl,
		es.cod_usumodif AS cod_usumodif, 
		es.fec_modif AS fec_modif
		from t4534relcompelec re
		INNER JOIN T4536FESTORE es ON es.num_ticket = re.num_ticket AND es.num_correl = re.num_correl_ticket 
		WHERE 	re.num_ruc			= #num_ruc#
		AND		re.cod_cpe			= #cod_cpe#
		AND 	re.num_serie_cpe	= #num_serie_cpe#
		AND 	re.num_cpe			= #num_cpe#
		AND 	es.ind_modo			= 1
		
	</select>

	<delete id="delete_ticket_CPE" parameterClass="String" >	
			delete from T4536FESTORE where num_ticket = #num_ticket# and ind_modo = 1	
	</delete>
</sqlMap>