<?xml version="1.0" encoding="UTF-8" ?>
<!DOCTYPE sqlMap PUBLIC "-//ibatis.apache.org//DTD SQL Map 2.0//EN"
"http://ibatis.apache.org/dtd/sql-map-2.dtd">

<sqlMap namespace="T4283">
	<typeAlias alias="T4283Bean" type="pe.gob.sunat.servicio2.registro.electronico.comppago.factura.model.domain.T4283Bean"/>
	
	<insert id="insert" parameterClass="T4283Bean" >    
			insert into T4283rubroscpe(
			     num_ruc ,
			     cod_cpe ,
			     num_serie_cpe ,
			     num_cpe ,
			     num_fila_item ,
			     ind_cab_det ,
			     cod_rubro ,
			     mto_rubro ,
			     des_detalle_rubro ,
			     fec_rubro ,
			     cod_usumodif ,
			     fec_modif
			) values (#num_ruc# ,
			     #cod_cpe# ,
			     #num_serie_cpe# ,
			     #num_cpe# ,
			     #num_fila_item# ,
			     #ind_cab_det# ,
			     #cod_rubro# ,
			     #mto_rubro# ,
			     #des_detalle_rubro# ,
			     #fec_rubro# ,
			     #cod_usumodif# ,
			     #fec_modif#)
  </insert> 	

	<select id="findRubroCabecera_ByRUC_codCPE_Serie_CPE_Rubro" parameterClass="T4283Bean" resultClass="T4283Bean">
		SELECT   num_ruc ,
			     cod_cpe ,
			     num_serie_cpe ,
			     num_cpe ,
			     num_fila_item ,
			     ind_cab_det ,
			     cod_rubro ,
			     mto_rubro ,
			     des_detalle_rubro ,
			     fec_rubro ,
			     cod_usumodif ,
			     fec_modif 
		FROM T4283rubroscpe 
		WHERE num_ruc       = #num_ruc#
        AND   cod_cpe       = #cod_cpe# 
        AND   num_serie_cpe = #num_serie_cpe#
        AND   num_cpe       = #num_cpe#
        AND   cod_rubro     = #cod_rubro#  
	</select>  
    
    <select id="findRubroDetalle_ByRUC_codCPE_Serie_CPE_rubro" parameterClass="T4283Bean" resultClass="T4283Bean">
		SELECT   num_ruc ,
			     cod_cpe ,
			     num_serie_cpe ,
			     num_cpe ,
			     num_fila_item ,
			     ind_cab_det ,
			     cod_rubro ,
			     mto_rubro ,
			     des_detalle_rubro ,
			     fec_rubro ,
			     cod_usumodif ,
			     fec_modif 
		FROM T4283rubroscpe 
		WHERE num_ruc       = #num_ruc#
        AND   cod_cpe       = #cod_cpe# 
        AND   num_serie_cpe = #num_serie_cpe#
        AND   num_cpe       = #num_cpe#
        AND   cod_rubro     = #cod_rubro#  
	</select>
    
    <select id="findRubro_ByRUC_codCPE_Serie_CPE_rubro_numFila_indcabdet" parameterClass="T4283Bean" resultClass="T4283Bean">
		SELECT   num_ruc ,
			     cod_cpe ,
			     num_serie_cpe ,
			     num_cpe ,
			     num_fila_item ,
			     ind_cab_det ,                 
			     cod_rubro ,
			     mto_rubro ,
			     des_detalle_rubro ,
			     fec_rubro ,
			     cod_usumodif ,
			     fec_modif 
		FROM T4283rubroscpe 
		WHERE num_ruc       = #num_ruc#
        AND   cod_cpe       = #cod_cpe# 
        AND   num_serie_cpe = #num_serie_cpe#
        AND   num_cpe       = #num_cpe#
        AND   cod_rubro     = #cod_rubro#  
        AND   num_fila_item = #num_fila_item#
        AND   ind_cab_det   = #ind_cab_det#
	</select> 

    <select id="findMaxFila_ByRUC_CPE_Indcabdet" parameterClass="T4283Bean"  resultClass="java.lang.Integer">
		SELECT MAX(num_fila_item) as max_num_fila_item
        FROM T4283rubroscpe
		WHERE num_ruc       = #num_ruc#
        AND   cod_cpe       = #cod_cpe# 
        AND   num_serie_cpe = #num_serie_cpe#
        AND   num_cpe       = #num_cpe#
        AND   ind_cab_det   = #ind_cab_det#  
	</select>    
    
        
    <select id="findRubros_ByRUC_codCPE_Serie_CPE_numFila_indcabdet" parameterClass="T4283Bean" resultClass="T4283Bean">
		SELECT  * 
		FROM T4283rubroscpe 
		WHERE num_ruc       = #num_ruc#
        AND   cod_cpe       = #cod_cpe# 
        AND   num_serie_cpe = #num_serie_cpe#
        AND   num_cpe       = #num_cpe#
        AND   num_fila_item = #num_fila_item#
        AND   ind_cab_det   = #ind_cab_det#
	</select> 
    
    <delete id="deleteByRUC_codCPE_Serie_CPE_indcabdet" parameterClass="T4283Bean">
		DELETE FROM T4283rubroscpe 
		WHERE num_ruc       = #num_ruc#
        AND   cod_cpe       = #cod_cpe# 
        AND   num_serie_cpe = #num_serie_cpe#
        AND   num_cpe       = #num_cpe#
        AND   ind_cab_det   = #ind_cab_det#
	</delete>
  
    
  
      <delete id="deleteByRUC_codCPE_Serie_CPE_indcabdet_rubro" parameterClass="T4283Bean">
		DELETE FROM T4283rubroscpe 
		WHERE num_ruc       = #num_ruc#
        AND   cod_cpe       = #cod_cpe# 
        AND   num_serie_cpe = #num_serie_cpe#
        AND   num_cpe       = #num_cpe#
        AND   ind_cab_det   = #ind_cab_det#
        AND   cod_rubro     = #cod_rubro# 
	</delete>
</sqlMap>