<?xml version="1.0" encoding="UTF-8" ?>
<!DOCTYPE sqlMap PUBLIC "-//ibatis.apache.org//DTD SQL Map 2.0//EN"
"http://ibatis.apache.org/dtd/sql-map-2.dtd">

<sqlMap namespace="T4534">
	<typeAlias alias="T4534Bean" type="pe.gob.sunat.servicio2.registro.electronico.comppago.factura.model.domain.T4534Bean" />
	
	
	<insert id="insertar" parameterClass="T4534Bean">
		INSERT INTO T4534RELCOMPELEC   (
		     num_ruc,			 
			 cod_cpe,
			 num_serie_cpe,
			 num_cpe, 
			 num_ticket, 
			 num_correl_ticket, 
			 ind_origen, 
			 fec_registro_doc,
			 cod_usumodif,
			 fec_modif) VALUES ( 			
			 #num_ruc#,
			 #cod_cpe#,
			 #num_serie_cpe#, 			 
			 #num_cpe#,
			 #num_ticket#, 
			 #num_correl_ticket#,
			 #ind_origen#, 
			 #fec_registro_doc#, 
			 #cod_usumodif#, 
			 #fec_modif#)
	</insert>
	
	  <parameterMap id="pmByPrimaryKey" class="java.util.Map">
		<parameter property="num_ruc"/>		
		<parameter property="cod_tipcomp"/>
		<parameter property="num_serie"/>
		<parameter property="num_comprobante"/>	
	  </parameterMap>  
	
	<select id="findByFeGemRegistrado" parameterMap="pmByPrimaryKey" resultClass="T4534Bean">
		SELECT 
		      num_ruc  AS  num_ruc,
			  num_serie_cpe AS  num_serie_cpe,
			 cod_cpe AS cod_cpe,
			 num_cpe  AS num_cpe, 
			 num_ticket AS num_ticket, 
			 num_correl_ticket  AS num_correl_ticket, 
			 ind_origen  AS ind_origen, 
			 fec_registro_doc  AS fec_registro_doc,
			 cod_usumodif AS cod_usumodif,
			 fec_modif AS fec_modif
		 
		FROM T4534RELCOMPELEC
		WHERE num_ruc  = ?  AND 
		cod_cpe = ?  AND
		num_serie_cpe  = ?  AND		
		num_cpe = ?
	</select>	
		
</sqlMap>