<?xml version="1.0" encoding="UTF-8" standalone="no"?>
<!DOCTYPE sqlMap PUBLIC "-//iBATIS.com//DTD SQL Map 2.0//EN" "http://www.ibatis.com/dtd/sql-map-2.dtd">
<sqlMap>
	<typeAlias type="pe.gob.sunat.servicio2.registro.electronico.comppago.factura.model.domain.T4537Bean" alias="logCab"/>
	
	<parameterMap id="logCabByPrimaryKey" class="java.util.Map">
		<parameter property="num_ticket"/>		
		<parameter property="num_correl"/>			
	</parameterMap>  
	
	<select id="findByPK" parameterMap="logCabByPrimaryKey" resultClass="logCab">
	
		SELECT		   
			num_ticket ticket,			
			num_correl correlativo,
			des_archivo nombreArchivo,
			cnt_bytes tamanioArchivo,
			fec_inicio fechaInicio,
			fec_fin fechaFin,
			val_estado estadoProceso,
			num_result codigoResultado,			
			cod_usumodif usuarioModificador,
			fec_modif fechaModificacion
		FROM T4537LOGFECAB
		WHERE num_ticket  = ?  AND 
		num_correl = ?
	</select>
	
	
	<!-- Si el numero de ticket es diferente de null entonces el CDR existe caso contratio no existe -->
	<!-- Si el estado es 98 y el CDR no existe retorna el comprobante esta en proceso -->
	<!-- Si el estado es 0 o 99 y el CDR existe retorna el CDR -->
	<select id="selectLogCabStatus" parameterMap="logCabByPrimaryKey" resultClass="logCab">
		SELECT
			rel.num_ticket AS ticket,
			val_estado AS estadoProceso,
			fec_inicio as fechaInicio
		FROM T4537LOGFECAB logcab left join t4534relcompelec rel on logcab.num_ticket = rel.num_ticket
		WHERE logcab.num_ticket  = ?  AND 
		logcab.num_correl = ? 
	</select>
	
	
	<update id="updateLogCabToPendingByTiket" parameterMap="logCabByPrimaryKey" >
		UPDATE T4537LOGFECAB 
			SET fec_fin =null, val_estado = 98 , num_result = null
		WHERE num_ticket  = ?  AND 
		num_correl = ?
	</update>
	
	<update id="updateLogCab">
		UPDATE T4537LOGFECAB
		SET val_estado   = #estadoProceso#,
			num_result   = #codigoResultado#,
			fec_fin      = #fechaFin#,				/* fec_fin = CURRENT,	 fechaFin*/
			cod_usumodif = #usuarioModificador#, 
			fec_modif    = #fechaModificacion#						/* fechaModificacion */
		WHERE num_ticket = #ticket#
	</update>
	
</sqlMap>