<?xml version="1.0" encoding="UTF-8" ?>
<!DOCTYPE sqlMap PUBLIC "-//ibatis.apache.org//DTD SQL Map 2.0//EN"
"http://ibatis.apache.org/dtd/sql-map-2.dtd">

<sqlMap namespace="T4541">
	<typeAlias alias="T4541Bean" type="pe.gob.sunat.servicio2.registro.electronico.comppago.factura.model.domain.T4541Bean" />
	
	<select id="findByFiltro" parameterClass="T4541Bean" resultClass="T4541Bean">
		SELECT  num_ruc, cod_cpe, num_serie_cpe, num_cpe, num_ticket, num_correl_ticket, fec_emision, ind_origen, 
				fec_registro_doc, ind_estado_cpe, cod_error, cod_usumodif, fec_modif
		FROM t4541feanulado 
		WHERE  num_ruc = #num_ruc# AND cod_cpe = #cod_cpe# AND  num_serie_cpe = #num_serie_cpe# 
				AND  num_cpe = #num_cpe# AND fec_emision = #fec_emision# AND ind_estado_cpe = #ind_estado_cpe#
	</select>
    
    
	<insert id="insertar" parameterClass="T4541Bean">
		INSERT INTO T4541FEANULADO  (
		     num_ruc,			 
			 cod_cpe,			 
			 num_serie_cpe,
			 num_cpe, 
			 num_ticket,
			 num_correl_ticket, 
			 fec_emision,			 
			 ind_origen, 
			 fec_registro_doc,
			 ind_estado_cpe,
			 cod_error,
			 cod_usumodif,
			 fec_modif) VALUES ( 			
			 #num_ruc#,			 
			 #cod_cpe#,
			 #num_serie_cpe#, 
			 #num_cpe#,
			 #num_ticket#, 
			 #num_correl_ticket#, 
			 #fec_emision#,				
			 #ind_origen#, 
			 #fec_registro_doc#, 
			 #ind_estado_cpe#,
			 #cod_error#,
			 #cod_usumodif#, 
			 #fec_modif#)
	</insert>
	
	  <parameterMap id="pmByPrimaryKey" class="java.util.Map">
		<parameter property="num_ruc"/>		
		<parameter property="cod_tipcomp"/>
		<parameter property="num_serie"/>
		<parameter property="num_comprobante"/>	
	  </parameterMap>  
	  
				 
			 
	<select id="findByFeGemAnulado" parameterMap="pmByPrimaryKey" resultClass="T4541Bean">
		SELECT 
		     num_ruc  AS  num_ruc,			
			 cod_cpe AS cod_cpe,
			 num_serie_cpe AS  num_serie_cpe,
			 num_cpe  AS num_cpe, 
			 num_ticket AS num_ticket,
			 num_correl_ticket AS num_correl_ticket, 
			 fec_emision AS fec_emision, 			 
			 ind_origen  AS ind_origen, 
			 fec_registro_doc  AS fec_registro_doc,
			 ind_estado_cpe AS  ind_estado_cpe,
			 cod_error AS cod_error,
			 cod_usumodif AS cod_usumodif,
			 fec_modif AS fec_modif
		 
		FROM T4541FEANULADO 
		WHERE num_ruc  = ?  AND 		
		cod_cpe = ?  AND
		num_serie_cpe  = ?  AND
		num_cpe = ?
	</select>
	
	<parameterMap id="pmByPrimaryKeyTicket" class="java.util.Map">
		<parameter property="num_ruc"/>		
		<parameter property="cod_tipcomp"/>
		<parameter property="num_serie"/>
		<parameter property="num_comprobante"/>
		<parameter property="num_ticket"/>		
	  </parameterMap>
	<select id="findByFeGemTicketAnulado" parameterMap="pmByPrimaryKeyTicket" resultClass="T4541Bean">
		SELECT 
		     num_ruc  AS  num_ruc,			
			 cod_cpe AS cod_cpe,
			 num_serie_cpe AS  num_serie_cpe,
			 num_cpe  AS num_cpe, 
			 num_ticket AS num_ticket,
			 num_correl_ticket AS num_correl_ticket, 
			 fec_emision AS fec_emision, 			 
			 ind_origen  AS ind_origen, 
			 fec_registro_doc  AS fec_registro_doc,
			 ind_estado_cpe AS  ind_estado_cpe,
			 cod_error AS cod_error,
			 cod_usumodif AS cod_usumodif,
			 fec_modif AS fec_modif
		 
		FROM T4541FEANULADO 
		WHERE num_ruc  = ?  AND 		
		cod_cpe = ?  AND
		num_serie_cpe  = ?  AND
		num_cpe = ? AND
		num_ticket = ?
	</select>	
		
</sqlMap>