<?xml version="1.0" encoding="UTF-8" ?>
<!DOCTYPE sqlMap
PUBLIC "-//iBATIS.com//DTD SQL Map 2.0//EN"
"http://www.ibatis.com/dtd/sql-map-2.dtd">

<sqlMap  namespace="DetAnulado" >  	
	 
	<typeAlias 
			alias="detanulado" 
			type="pe.gob.sunat.servicio2.registro.electronico.comppago.factura.model.domain.T4703Bean"/>
			
			
<!-- 
 detalle de anulados
 create table T4703DETCOMBAJA  (
  NUM_TICKET           CHAR(15)                        not null,
  NUM_LINEA            INTEGER                         not null,
  NUM_RUC              CHAR(11)                        not null,
  COD_CPE              CHAR(2)                         not null,
  NUM_SERIE_CPE        VARCHAR(20)                     not null,
  NUM_CPE              INTEGER                         not null,
  FEC_EMISION          DATE                            not null,
  IND_ORIGEN           CHAR(1)                         not null,
  IND_ESTADO           CHAR(1)                         not null,
  DES_MOTIVO           VARCHAR(250)                    not null,
  COD_USUMODIF         VARCHAR(20)                     not null,
  FEC_MODIF            DATETIME YEAR TO SECOND         not null
);
 

 -->	
	<insert id="registraDetAnulado" 
			parameterClass="detanulado" >
	
		INSERT into T4703DETCOMBAJA values(  
										#num_ticket#, 
										#num_linea#,
										#num_ruc#,										
										#cod_cpe#,
										#num_serie_cpe#,
										#num_cpe#,
										#fec_emision#,
										#ind_origen#,
										#ind_estado#,
										#des_motivo#,
										#cod_usumodif#,
										#fec_modif#
									 )	
	</insert>
	
	
	<parameterMap id="pmByPrimaryKeyAnulado" class="java.util.Map">
	<parameter property="ruc"/>
	<parameter property="tipdoc"/>		
	<parameter property="serie"/>
	<parameter property="numdoc"/>
  </parameterMap>  
  
    <select id="findByRucSerieTipdocNumdocAnulado" parameterMap="pmByPrimaryKeyAnulado" resultClass="detanulado">
		SELECT 
		     
		     num_ticket AS num_ticket,
		     num_linea AS num_linea,
		     num_ruc AS num_ruc,
		     cod_cpe AS cod_cpe ,
			 num_serie_cpe AS num_serie_cpe,			 
			 num_cpe AS num_cpe,
			 fec_emision AS fec_emision,
			 ind_origen AS ind_origen,
			 ind_estado AS ind_estado,
			 des_motivo AS des_motivo,
			 cod_usumodif AS cod_usumodif,
			 fec_modif AS fec_modif
		 
		FROM T4703DETCOMBAJA 
		WHERE num_ruc  = ?  AND 		
		cod_cpe = ?  AND 
		num_serie_cpe  = ?  AND		
		num_cpe = ?  AND
		ind_estado ='0'
	</select>
	
	
	<select id="findByRucSerieTipdocNumdocAnuladooRechazado" parameterMap="pmByPrimaryKeyAnulado" resultClass="detanulado">
		SELECT 
		     num_ticket AS num_ticket,
		     num_linea AS num_linea,
		     num_ruc AS num_ruc,
		     cod_cpe AS cod_cpe ,
			 num_serie_cpe AS num_serie_cpe,			 
			 num_cpe AS num_cpe,
			 fec_emision AS fec_emision,
			 ind_origen AS ind_origen,
			 ind_estado AS ind_estado,
			 des_motivo AS des_motivo,
			 cod_usumodif AS cod_usumodif,
			 fec_modif AS fec_modif
		 
		FROM T4703DETCOMBAJA 
		WHERE num_ruc  = ?  AND 		
		cod_cpe = ?  AND 	
		num_serie_cpe  = ?  AND	
		num_cpe = ?  AND
		ind_estado ='0'
	</select>	
	
	
	
  <parameterMap id="pmByRucTicketActivoDetAnulado" class="java.util.Map">
	<parameter property="ruc"/>
	<parameter property="ticket"/>
  </parameterMap>  
  
    <select id="findByRucTicketActivoDetAnulado" parameterMap="pmByRucTicketActivoDetAnulado" resultClass="detanulado">
		SELECT 
		    num_ticket AS num_ticket,
		     num_linea AS num_linea,
		     num_ruc AS num_ruc,
		     cod_cpe AS cod_cpe ,
			 num_serie_cpe AS num_serie_cpe,			 
			 num_cpe AS num_cpe,
			 fec_emision AS fec_emision,
			 ind_origen AS ind_origen,
			 ind_estado AS ind_estado,
			 des_motivo AS des_motivo,
			 cod_usumodif AS cod_usumodif,
			 fec_modif AS fec_modif
			 	  
		FROM T4703DETCOMBAJA 
		WHERE num_ruc  = ?  AND 
		num_ticket = ?   AND
		ind_estado ='0'	 AND
		
		order  by  num_ruc, num_serie_cpe, cod_cpe,  num_cpe 
	</select>	
			
	<update id = "eliminaLogicoDetAnulado"  parameterClass="detanulado">
				UPDATE T4703DETCOMBAJA SET 					 
					 ind_estado ='1'
				WHERE
					num_ruc = #num_ruc#  AND
					num_ticket = #num_ticket# AND
					ind_estado ='0' 
									
	</update>
		
  <parameterMap id="pmByRucActivoRango" class="java.util.Map">
	<parameter property="ruc"/>
	<parameter property="tipodoc"/>
	<parameter property="serie"/>
	<parameter property="desde"/>
	<parameter property="hasta"/>
  </parameterMap>  
  
    <select id="findByRucActivoRangoDetAnulado" parameterMap="pmByRucActivoRango" resultClass="detanulado">
		 <![CDATA[
		select  * from   t4703detcombaja
		where  num_ruc= ?
		and  cod_cpe = ?
		and  num_serie_cpe =  ?
		and  num_cpe  >=  ?
		and  num_cpe  <= ? 
		and  ind_estado = '0'
			]]>
	</select>
	
	<select id="buscaFechaBaja" parameterClass="java.util.HashMap" resultClass="java.util.HashMap">				
		select b.fec_registro , b.fec_resumen
		from t4703detcombaja a, t4699cabcombaja b 
		where  a.num_ticket = b.num_ticket
		AND a.num_ruc = b.num_ruc
		AND a.num_ruc = #num_ruc#
		AND a.cod_cpe = #cod_cpe#
		AND a.num_serie_cpe = #num_serie_cpe#
		AND a.num_cpe = #num_cpe#
		AND b.ind_estado = "0"
		ORDER BY fec_registro desc
        LIMIT 1
	</select>
		
</sqlMap>

