<?xml version="1.0" encoding="UTF-8" ?>
<!DOCTYPE sqlMap PUBLIC "-//ibatis.apache.org//DTD SQL Map 2.0//EN"
"http://ibatis.apache.org/dtd/sql-map-2.dtd">

<sqlMap namespace="T6235">
	<typeAlias alias="T6235Bean" type="pe.gob.sunat.servicio2.registro.electronico.comppago.factura.model.domain.T6235Bean"/>
	
	<select id="findByFiltro" parameterClass="T6235Bean" resultClass="T6235Bean">
		SELECT b.num_ticket, b.num_tran, b.num_serie, b.num_ruc, b.cod_local, b.cod_ef, b.ind_tip_tarjeta, b.fec_emision,
		b.hor_emision, b.cod_moneda, b.mto_importe, b.mto_propina, b.mto_total, b.cod_docide_cliente, b.num_docide_cliente,
		b.ind_vigente, b.fec_regis, b.cod_usuregis, b.fec_modif, b.cod_usumodif 
		FROM t6236opetar_env a, t6235opetar_det b
		WHERE a.num_ticket = b.num_ticket
		AND a.ind_vigente = '1'
		AND b.ind_vigente = '1'
		<dynamic>
		 	<isNotNull prepend="AND" property="t6236Bean.num_ruc">	 
				a.num_ruc = #t6236Bean.num_ruc#
		 	</isNotNull>
		 	<isNotNull prepend="AND" property="cod_docide_cliente">	 
				b.cod_docide_cliente = #cod_docide_cliente#
		 	</isNotNull> 
		 	<isNotNull prepend="AND" property="num_docide_cliente">	 
				b.num_docide_cliente = #num_docide_cliente#
		 	</isNotNull> 
		 	<isNotNull prepend="AND" property="fec_emision">	 
				date(b.fec_emision) = #fec_emision#
		 	</isNotNull> 
		 	<isNotNull prepend="AND" property="mto_total">	 
				b.mto_total = #mto_total#
		 	</isNotNull> 
		 	<isNotNull prepend="AND" property="num_ruc">	 
				b.num_ruc = #num_ruc#
		 	</isNotNull> 
		 	<isNotNull prepend="AND" property="num_serie">	 
				b.num_serie = #num_serie#
		 	</isNotNull> 
		 	<isNotNull prepend="AND" property="num_tran">	 
				b.num_tran = #num_tran#
		 	</isNotNull>  
		</dynamic>
	</select>

</sqlMap>