<?xml version="1.0" encoding="UTF-8"?>
<!DOCTYPE sqlMap PUBLIC "-//ibatis.apache.org//DTD SQL Map 2.0//EN"
"http://ibatis.apache.org/dtd/sql-map-2.dtd">
<sqlMap namespace="t6468grebajaproc">

<typeAlias alias="grebajaClass" type="pe.gob.sunat.servicio2.registro.electronico.comppago.factura.model.domain.T6468DatGreBajaBean"/>

	<resultMap id="bajaBaseResultMap" class="grebajaClass" >
	  	<result column="num_ruc" property="num_ruc" jdbcType="VARCHAR" />
	    <result column="cod_gre" property="cod_gre" jdbcType="VARCHAR" />
	    <result column="num_serie_gre" property="num_serie_gre" jdbcType="VARCHAR" />
	    <result column="num_gre" property="num_gre" jdbcType="INTEGER" />
	    <result column="fec_baja" property="fec_baja" jdbcType="TIMESTAMP" />
	    <result column="cod_motbaja" property="cod_motbaja" jdbcType="VARCHAR" />
	    <result column="cod_usuregis" property="cod_usuregis" jdbcType="VARCHAR" />
	    <result column="fec_regis" property="fec_regis" jdbcType="TIMESTAMP" />
	    <result column="cod_usumodif" property="cod_usumodif" jdbcType="VARCHAR" />
	    <result column="fec_modif" property="fec_modif" jdbcType="TIMESTAMP" />    
	</resultMap>



	<select id="buscarPk" parameterClass="pe.gob.sunat.servicio2.registro.electronico.comppago.factura.model.domain.PkComprobante" resultClass="grebajaClass">
		SELECT  
			num_ruc, 
			cod_gre, 
			num_serie_gre, 
			num_gre, 
			fec_baja, 
			cod_motbaja, 
			cod_usuregis, 
			fec_regis, 
			cod_usumodif, 
			fec_modif
		FROM
			T6468DATGREBAJA 
		WHERE
			num_ruc = #numRuc# AND
			cod_gre = #codCpe# AND
			num_serie_gre = #numSerieCpe# AND
			num_gre = #numCpe#
	</select>


 <insert id="insert2" parameterClass="grebajaClass">
    insert into T6468DATGREBAJA (num_ruc, cod_gre, num_serie_gre, num_gre, fec_baja, cod_motbaja, cod_usumodif)
    values (#num_ruc:VARCHAR#, #cod_gre:VARCHAR#, #num_serie_gre:VARCHAR#, #num_gre:INTEGER#, #fec_baja:TIMESTAMP#, #cod_motbaja:VARCHAR#, #cod_usumodif:VARCHAR#)
  </insert>



 <insert id="insert" parameterClass="grebajaClass">
    insert into T6468DATGREBAJA
    <dynamic prepend="(">
 		
		<isNotNull prepend="," property="num_ruc"> num_ruc </isNotNull>
		<isNotNull prepend="," property="cod_gre"> cod_gre </isNotNull>
		<isNotNull prepend="," property="num_serie_gre"> num_serie_gre </isNotNull>
		<isNotNull prepend="," property="num_gre"> num_gre </isNotNull>
		<isNotNull prepend="," property="fec_baja"> fec_baja </isNotNull>
		<isNotNull prepend="," property="cod_motbaja"> cod_motbaja </isNotNull>
		<isNotNull prepend="," property="cod_usuregis"> cod_usuregis </isNotNull>
		<isNotNull prepend="," property="fec_regis"> fec_regis </isNotNull>
		<isNotNull prepend="," property="cod_usumodif"> cod_usumodif </isNotNull>
		<isNotNull prepend="," property="fec_modif"> fec_modif </isNotNull>
      )
    </dynamic>
    values
    <dynamic prepend="(">
		
		<isNotNull prepend="," property="num_ruc"> #num_ruc:VARCHAR#  </isNotNull>
		<isNotNull prepend="," property="cod_gre"> #cod_gre:VARCHAR#  </isNotNull>
		<isNotNull prepend="," property="num_serie_gre"> #num_serie_gre:VARCHAR#  </isNotNull>
		<isNotNull prepend="," property="num_gre"> #num_gre:INTEGER#  </isNotNull>
		<isNotNull prepend="," property="fec_baja"> #fec_baja:TIMESTAMP#  </isNotNull>
		<isNotNull prepend="," property="cod_motbaja"> #cod_motbaja:VARCHAR#  </isNotNull>
		<isNotNull prepend="," property="cod_usuregis"> #cod_usuregis:VARCHAR#  </isNotNull>
		<isNotNull prepend="," property="fec_regis"> #fec_regis:TIMESTAMP#  </isNotNull>
		<isNotNull prepend="," property="cod_usumodif"> #cod_usumodif:VARCHAR#  </isNotNull>
		<isNotNull prepend="," property="fec_modif"> #fec_modif:TIMESTAMP#  </isNotNull>
      )
    </dynamic>
  </insert>

  <delete id="delete" parameterClass="pe.gob.sunat.servicio2.registro.electronico.comppago.factura.model.domain.PkComprobante" >
    delete from T6468DATGREBAJA
    WHERE
			num_ruc = #numRuc# AND
			cod_gre = #codCpe# AND
			num_serie_gre = #numSerieCpe# AND
			num_gre = #numCpe#
  </delete>

</sqlMap>

