<?xml version="1.0" encoding="UTF-8" ?>
<!DOCTYPE sqlMap PUBLIC "-//ibatis.apache.org//DTD SQL Map 2.0//EN" "http://ibatis.apache.org/dtd/sql-map-2.dtd" >
<sqlMap namespace="T6460CabGre" >

	<resultMap id="BaseResultMap" class="pe.gob.sunat.servicio2.registro.electronico.comppago.factura.model.domain.T6460CabGreBean" >
	    <result column="NUM_RUC" 				property="pkGuia.numRuc" 			jdbcType="CHAR" />
		<result column="COD_GRE" 				property="pkGuia.codCpe" 			jdbcType="CHAR" />
		<result column="NUM_SERIE_GRE" 			property="pkGuia.numSerieCpe" 		jdbcType="CHAR" />
		<result column="NUM_GRE" 				property="pkGuia.numCpe" 			jdbcType="INTEGER" />
		<result column="FEC_EMISION" 			property="fecEmision" 				jdbcType="TIMESTAMP" />
		<result column="COD_UBIFISCAL" 			property="codUbiFiscal" 			jdbcType="CHAR" />
		<result column="DES_FISCAL" 			property="desUbiFiscal" 			jdbcType="CHAR" />
		<result column="COD_DOCIDE_RECEP" 		property="codDocIdeRecep" 			jdbcType="CHAR" />
		<result column="NUM_DOCIDE_RECEP" 		property="numDocIdeRecep" 			jdbcType="CHAR" />
		<result column="NOM_DESTINATARIO" 		property="nomDestinatario" 			jdbcType="CHAR" />
		<result column="IND_CAMDESTIN" 			property="indCamDestin" 			jdbcType="CHAR" />
		<result column="IND_TRAPROGRAMADO" 		property="indTransProgramado" 		jdbcType="CHAR" />
		<result column="COD_MOTTRASLADO" 		property="codMotTraslado" 			jdbcType="CHAR" />
		<result column="COD_MOTEMISIONCOMP" 	property="desMotTraslado" 			jdbcType="CHAR" />
		<result column="VAL_PESBRUTGUIA" 		property="valPesBrutGuia" 			jdbcType="CHAR" />
		<result column="OBS_GRE" 				property="obsGre" 					jdbcType="CHAR" />
		<result column="NUM_TICKET" 			property="numTicket" 				jdbcType="LONG" />
		<result column="IND_ESTADO" 			property="indEstado" 				jdbcType="CHAR" />
		<result column="COD_MOTEMISIONCOMP" 	property="codMotEmisionComp" 		jdbcType="CHAR" />
		<result column="COD_USUREGIS" 			property="auditoria.codUsuRegis" 	jdbcType="CHAR" />
		<result column="FEC_REGIS" 				property="auditoria.fecRegis" 		jdbcType="TIMESTAMP" />
		<result column="COD_USUMODIF" 			property="auditoria.codUsuModif" 	jdbcType="CHAR" />
		<result column="FEC_MODIF" 				property="auditoria.fecModif" 		jdbcType="TIMESTAMP" />
	</resultMap> 

	<select id="buscarPorPk" resultMap="BaseResultMap"
							 parameterClass="pe.gob.sunat.servicio2.registro.electronico.comppago.factura.model.domain.PkComprobante">
		SELECT
			NUM_RUC,
			COD_GRE,
			NUM_SERIE_GRE,
			NUM_GRE,
			FEC_EMISION,
			COD_UBIFISCAL,
			DES_FISCAL,
			COD_DOCIDE_RECEP,
			NUM_DOCIDE_RECEP,
			NOM_DESTINATARIO,
			IND_CAMDESTIN,
			IND_TRAPROGRAMADO,
			COD_MOTTRASLADO,
			COD_MOTEMISIONCOMP,
			VAL_PESBRUTGUIA,
			OBS_GRE,
			NUM_TICKET,
			IND_ESTADO,
			COD_MOTEMISIONCOMP,
			COD_USUREGIS,
			FEC_REGIS,
			COD_USUMODIF,
			FEC_MODIF
		FROM t6460cabgre 
		WHERE
			num_ruc = #numRuc# AND
			cod_gre = #codCpe# AND
			num_serie_gre = #numSerieCpe# AND
			num_gre = #numCpe#
	</select>
	
	
  
</sqlMap>
