<?xml version="1.0" encoding="UTF-8" ?>
<!DOCTYPE sqlMap PUBLIC "-//ibatis.apache.org//DTD SQL Map 2.0//EN" "http://ibatis.apache.org/dtd/sql-map-2.dtd" >
<sqlMap namespace="t6464arcgre" >
  <resultMap id="BaseResultMap" class="pe.gob.sunat.servicio2.registro.electronico.comppago.factura.model.domain.T6464ArcGreBean" >
    <result column="ind_modo" property="indModo" jdbcType="CHAR" />
    <result column="num_ticket" property="numTicket" jdbcType="OTHER" />
    <result column="des_archivo" property="desArchivo" jdbcType="VARCHAR" />
    <result column="cod_usumodif" property="codUsumodif" jdbcType="VARCHAR" />
    <result column="fec_modif" property="fecModif" jdbcType="TIMESTAMP" />
  </resultMap>
  
  <resultMap id="ResultMapWithBLOBs" class="pe.gob.sunat.servicio2.registro.electronico.comppago.factura.model.domain.T6464ArcGreBean" extends="t6464arcgre.BaseResultMap" >
    <result column="arc_input" property="arcInput" jdbcType="BLOB" />
  </resultMap>
  
  
  <select id="selectByPrimaryKey" resultMap="ResultMapWithBLOBs" parameterClass="pe.gob.sunat.servicio2.registro.electronico.comppago.factura.model.domain.T6464ArcGreBean" >
    
    SELECT 
    	ind_modo, 
    	num_ticket, 
    	des_archivo, 
    	cod_usumodif, 
    	fec_modif, 
    	arc_input
    FROM t6464arcgre
    WHERE 
    	ind_modo = #indModo:CHAR#
      	and num_ticket = #numTicket:OTHER#
  </select>
  
  
  <select id="selectDoc" parameterClass="pe.gob.sunat.servicio2.registro.electronico.comppago.factura.model.domain.PkComprobante" resultClass="pe.gob.sunat.servicio2.registro.electronico.comppago.factura.model.domain.T6464ArcGreBean" >
    
    select 
		a.num_ticket as numTicket,
		a.ind_modo as indModo,
		a.arc_input as arcInput,
		a.des_archivo as desArchivo,
		a.cod_usumodif as codUsumodif,
		a.fec_modif as fecModif
	from T6464ARCGRE a, T6460CABGRE b
	where a.num_ticket = b.num_ticket
		and b.num_ruc = #numRuc#
		and b.cod_gre = #codCpe#
		and b.num_serie_gre = #numSerieCpe#
		and b.num_gre = #numCpe#
		and a.ind_modo= '1'
  </select>
  
  <insert id="insert" parameterClass="pe.gob.sunat.servicio2.registro.electronico.comppago.factura.model.domain.T6464ArcGreBean" >
    
    INSERT INTO t6464arcgre (
    	ind_modo, 
    	num_ticket, 
    	des_archivo, 
    	cod_usumodif,
      	fec_modif, 
      	arc_input
    )
    VALUES (
    	#indModo:CHAR#, 
    	#numTicket:OTHER#, 
    	#desArchivo:VARCHAR#,
      	#codUsumodif:VARCHAR#, 
      	#fecModif:TIMESTAMP#, 
      	#arcInput:BLOB#
    )
  </insert>
  
</sqlMap>