<?xml version="1.0" encoding="UTF-8" ?>
<!DOCTYPE sqlMap PUBLIC "-//ibatis.apache.org//DTD SQL Map 2.0//EN" "http://ibatis.apache.org/dtd/sql-map-2.dtd" >
<sqlMap namespace="t6575" >
  
  
  <resultMap id="ResultMapWithBLOBs" class="pe.gob.sunat.servicio2.registro.electronico.comppago.factura.model.domain.T6575ArchPerBean" >
    <result column="ind_modo" property="indModo" jdbcType="CHAR" />
    <result column="num_ticket" property="numTicket" jdbcType="OTHER" />
    <result column="nom_archivo" property="nomArchivo" jdbcType="VARCHAR" />
    <result column="cod_usuregis" property="codUsuregis" jdbcType="VARCHAR" />
    <result column="fec_regis" property="fecRegis" jdbcType="TIMESTAMP" />
    <result column="arc_archivo" property="arcArchivo" jdbcType="BLOB"/>
  </resultMap>
  
  
  <select id="selectByPrimaryKey" resultMap="ResultMapWithBLOBs" parameterClass="pe.gob.sunat.servicio2.registro.electronico.comppago.factura.model.domain.T6575ArchPerBean" >
    
    SELECT 
    	ind_modo, 
    	num_ticket, 
    	nom_archivo, 
    	cod_usuregis, 
    	fec_regis, 
    	arc_archivo
    FROM T6575ARCHPER
    WHERE 
    	ind_modo = #indModo:CHAR#
      	and num_ticket = #numTicket:OTHER#
  </select>
  
  <!--
  <select id="selectByDocument" resultClass="pe.gob.sunat.servicio2.registro.electronico.comppago.factura.model.domain.T6575ArchPerBean" parameterClass="pe.gob.sunat.servicio2.registro.electronico.comppago.factura.model.domain.PkComprobante" >  
   
    select
		a.num_ticket as numTicket,
		a.ind_modo as indModo,
		a.arc_archivo as arcArchivo,
		a.nom_archivo as nomArchivo,
		a.fec_regis as fecRegis,
		a.cod_usuregis as codUsuregis,
		a.fec_modif as fecModif,
		a.cod_usumodif as codUsumodif
	from t6575archper a, t6571percepcion b
	where a.num_ticket = b.num_ticket-1
		and b.num_ruc = #numRuc#
		and b.cod_cpe = #codCpe#
		and b.num_serie_cpe = #numSerieCpe#
		and b.num_cpe = #numCpe#
		and a.ind_modo= '1'
  </select>
  -->
  
  <select id="selectByDocument" resultClass="pe.gob.sunat.servicio2.registro.electronico.comppago.factura.model.domain.T6575ArchPerBean" parameterClass="pe.gob.sunat.servicio2.registro.electronico.comppago.factura.model.domain.T6575ArchPerBean" >   
    select
		a.num_ticket as numTicket,
		a.ind_modo as indModo,
		a.arc_archivo as arcArchivo,
		a.nom_archivo as nomArchivo,
		a.fec_regis as fecRegis,
		a.cod_usuregis as codUsuregis,
		a.fec_modif as fecModif,
		a.cod_usumodif as codUsumodif
	from t6575archper a
	where a.num_ticket = #numTicket:OTHER#	
		and a.ind_modo =  #indModo:CHAR#		
  </select>
  
  <insert id="insert" parameterClass="pe.gob.sunat.servicio2.registro.electronico.comppago.factura.model.domain.T6575ArchPerBean" >
    
    INSERT INTO T6575ARCHPER (
    	ind_modo, 
    	num_ticket, 
    	nom_archivo, 
    	cod_usuregis,
      	fec_regis,
      	cod_usumodif,
      	fec_modif,  
      	arc_archivo
    )
    VALUES (
    	#indModo:CHAR#, 
    	#numTicket:OTHER#, 
    	#nomArchivo:VARCHAR#,
    	#codUsuregis:VARCHAR#, 
      	#fecRegis:TIMESTAMP#, 
      	#codUsumodif:VARCHAR#, 
      	#fecModif:TIMESTAMP#, 
      	#arcArchivo:BLOB#
    )
  </insert>
  
</sqlMap>