<?xml version="1.0" encoding="UTF-8" ?>
<!DOCTYPE sqlMap PUBLIC "-//ibatis.apache.org//DTD SQL Map 2.0//EN" "http://ibatis.apache.org/dtd/sql-map-2.dtd" >
<sqlMap namespace="T6571" >

	<!-- ***************** INICIO JVENTURA - [PAS20165E210300204] - F2[161526] *************** -->
	<typeAlias alias="documentosAceptadosclass" type="pe.gob.sunat.servicio2.cpe.otroscpe.emision.bean.DocumentosAceptadosBean" />
	<!-- ***************** FIN JVENTURA - [PAS20165E210300204] - F2[161526] *************** -->
	
	<resultMap id="BaseResultMap" class="pe.gob.sunat.servicio2.registro.electronico.comppago.factura.model.domain.T6571PercepcionBean" >
	    <result column="NUM_RUC" 			property="pkPercepcion.numRuc" 		jdbcType="CHAR" />
	    <!-- <result column="COD_CPE" 			property="pkPercepcion.codCpe" 		jdbcType="INTEGER" /> -->
	    <result column="COD_CPE" 			property="pkPercepcion.codCpe" 		jdbcType="CHAR" />
	    <result column="NUM_SERIE_CPE" 		property="pkPercepcion.numSerieCpe" jdbcType="CHAR" />
	    <!-- <result column="NUM_CPE" 			property="pkPercepcion.numCpe" 		jdbcType="CHAR" /> -->
	    <result column="NUM_CPE" 			property="pkPercepcion.numCpe" 		jdbcType="INTEGER" />
	    <result column="COD_TIP_DOC_RECEP"	property="codTipoDocRecep" 			jdbcType="CHAR" />
	    <result column="NUM_DOC_RECEP" 		property="numDocRecep" 				jdbcType="CHAR" />
	    <result column="DES_NOM_RECEP" 		property="descNombreRecep" 			jdbcType="CHAR" />
	    <result column="FEC_EMI" 			property="fechaEmision" 			jdbcType="TIMESTAMP" />
	    <result column="COD_REG_PER" 		property="codRegimenPer" 			jdbcType="CHAR" />
	    <result column="DES_OBSERVACION" 	property="descObservacion" 			jdbcType="VARCHAR" />
	    <result column="MTO_TOTAL_PER" 		property="montoTotalPercibido" 		jdbcType="BIGDECIMAL" />
	    <result column="MTO_TOTAL_COBRADO" 	property="montoTotalCobrado" 		jdbcType="BIGDECIMAL" />
	    <result column="COD_EST_CPE" 		property="codEstadoCpe" 			jdbcType="CHAR" />
	    <result column="IND_PROCEDENCIA" 	property="indProcedencia" 			jdbcType="CHAR" />
	    <result column="IND_CPE_FISICO" 	property="indCompFisico" 			jdbcType="CHAR" />
	    <result column="DES_MOTIVO_REV" 	property="descMotivoReversion" 		jdbcType="VARCHAR" />
	    <result column="FEC_REV" 			property="fechaReversion" 			jdbcType="TIMESTAMP" />
	    <result column="COD_USU_REV" 		property="codUsuReversion" 			jdbcType="CHAR" />
	    <result column="NUM_TICKET" 		property="numTicket" 				jdbcType="LONG" />
	    <result column="COD_CORREO_RECEP" 	property="codCorreoRecep" 			jdbcType="CHAR" />
	    <result column="COD_MOT_CONTIN" 	property="codMotivoContin" 			jdbcType="CHAR" />
	    <result column="FEC_REGIS" 			property="auditoria.fecRegis" 		jdbcType="TIMESTAMP" />
	    <result column="COD_USUREGIS" 		property="auditoria.codUsuRegis" 	jdbcType="CHAR" />
	    <result column="FEC_MODIF" 			property="auditoria.fecModif" 		jdbcType="TIMESTAMP" />
	    <result column="COD_USUMODIF" 		property="auditoria.codUsuModif" 	jdbcType="CHAR" />
	</resultMap> 

	<select id="buscarPorPk" resultMap="BaseResultMap"
							 parameterClass="pe.gob.sunat.servicio2.registro.electronico.comppago.factura.model.domain.PkComprobante">
		SELECT
			NUM_RUC             ,
			COD_CPE             ,
			NUM_SERIE_CPE       ,
			NUM_CPE             ,
			COD_TIP_DOC_RECEP   ,
			NUM_DOC_RECEP       ,
			DES_NOM_RECEP       ,
			FEC_EMI             ,
			COD_REG_PER         ,
			DES_OBSERVACION     ,
			MTO_TOTAL_PER       ,
			MTO_TOTAL_COBRADO   ,
			COD_EST_CPE         ,
			IND_PROCEDENCIA     ,
			IND_CPE_FISICO      ,
			DES_MOTIVO_REV      ,
			FEC_REV             ,
			COD_USU_REV         ,
			NUM_TICKET          ,
			COD_CORREO_RECEP    ,
			COD_MOT_CONTIN      ,
			FEC_REGIS           ,
			COD_USUREGIS        ,
			FEC_MODIF           ,
			COD_USUMODIF        
		FROM T6571PERCEPCION 
		WHERE
			NUM_RUC = #numRuc# AND
			COD_CPE = #codCpe# AND
			NUM_SERIE_CPE = #numSerieCpe# AND
			NUM_CPE = #numCpe#
	</select>
	
	
	<select id="buscarPorPrimaryKey" resultClass="java.lang.Integer" parameterClass="java.util.HashMap">
		SELECT
			count(num_ruc)
		FROM T6571PERCEPCION 
		WHERE
			NUM_RUC = #numeroRuc# AND
			COD_CPE = #codigoGuia# AND
			NUM_SERIE_CPE = #numeroSerie# AND
			NUM_CPE = #numeroGuia#
	</select>
	
	
	<select id="getPk" parameterClass="java.lang.Long" resultClass="pe.gob.sunat.servicio2.registro.electronico.comppago.factura.model.domain.PkComprobante">
		SELECT
			NUM_RUC as numRuc,
			COD_CPE as codCpe,
			NUM_SERIE_CPE as numSerieCpe,
			NUM_CPE as numCpe
		FROM T6571PERCEPCION 
		WHERE 
			num_ticket = #nroTicket#;
	</select>
	
	
  
</sqlMap>
