<?xml version="1.0" encoding="UTF-8" ?>
<!DOCTYPE sqlMap PUBLIC "-//ibatis.apache.org//DTD SQL Map 2.0//EN" "http://ibatis.apache.org/dtd/sql-map-2.dtd" >
<sqlMap namespace="t6576" >
  <resultMap id="BaseResultMap" class="pe.gob.sunat.servicio2.registro.electronico.comppago.factura.model.domain.T6576ArchRetBean" >
    <result column="ind_modo" property="indModo" jdbcType="CHAR" />
    <result column="num_ticket" property="numTicket" jdbcType="OTHER" />
    <result column="nom_archivo" property="nomArchivo" jdbcType="VARCHAR" />
    <result column="fec_regis" property="fecRegis" jdbcType="TIMESTAMP" />
    <result column="cod_usuregis" property="codUsuRegis" jdbcType="VARCHAR" />
    <result column="fec_modif" property="fecModif" jdbcType="TIMESTAMP" />
    <result column="cod_usumodif" property="codUsumodif" jdbcType="VARCHAR" />
  </resultMap>
  <resultMap id="ibatorgenerated_ResultMapWithBLOBs" class="pe.gob.sunat.servicio2.registro.electronico.comppago.factura.model.domain.T6576ArchRetBean" extends="t6576.BaseResultMap" >
    <result column="arc_archivo" property="arcArchivo" jdbcType="BLOB" />
  </resultMap>
  
  <select id="ibatorgenerated_selectByPrimaryKey" resultMap="ibatorgenerated_ResultMapWithBLOBs" parameterClass="pe.gob.sunat.servicio2.registro.electronico.comppago.factura.model.domain.T6576ArchRetBean" >
    select 
    	ind_modo, 
    	num_ticket, 
    	nom_archivo, 
    	fec_regis, 
    	cod_usuregis, 
    	fec_modif, 
    	cod_usumodif,
      	arc_archivo
    from 
    	t6576archret
    where 
    	ind_modo = #indModo:CHAR# and 
    	num_ticket = #numTicket:OTHER#
  </select>
  
  <!--
  <select id="selectByDocument" resultClass="pe.gob.sunat.servicio2.registro.electronico.comppago.factura.model.domain.T6576ArchRetBean" parameterClass="pe.gob.sunat.servicio2.registro.electronico.comppago.factura.model.domain.PkComprobante" >
    select
		a.num_ticket as numTicket,
		a.ind_modo as indModo,
		a.arc_archivo as arcArchivo,
		a.nom_archivo as nomArchivo,
		a.fec_regis as fecRegis,
		a.cod_usuregis as codUsuregis,
		a.fec_modif as fecModif,
		a.cod_usumodif as codUsumodif
	from t6576archret a, t6573retencion b
	where a.num_ticket = b.num_ticket-1
		and b.num_ruc = #numRuc#
		and b.cod_cpe = #codCpe#
		and b.num_serie_cpe = #numSerieCpe#
		and b.num_cpe = #numCpe#
		and a.ind_modo= '1'
  </select>
  -->
  
  <select id="selectByDocument" resultClass="pe.gob.sunat.servicio2.registro.electronico.comppago.factura.model.domain.T6576ArchRetBean" parameterClass="pe.gob.sunat.servicio2.registro.electronico.comppago.factura.model.domain.T6576ArchRetBean" >
    select
		a.num_ticket as numTicket,
		a.ind_modo as indModo,
		a.arc_archivo as arcArchivo,
		a.nom_archivo as nomArchivo,
		a.fec_regis as fecRegis,
		a.cod_usuregis as codUsuregis,
		a.fec_modif as fecModif,
		a.cod_usumodif as codUsumodif
	from t6576archret a
	where a.num_ticket = #numTicket:OTHER#	
		and a.ind_modo =  #indModo:CHAR#
  </select>
  
  
   <insert id="insert" parameterClass="pe.gob.sunat.servicio2.registro.electronico.comppago.factura.model.domain.T6576ArchRetBean" >
    insert into t6576archret (
    	ind_modo,
    	num_ticket,
    	nom_archivo,
    	fec_regis,
    	cod_usuregis,
    	fec_modif,
      	cod_usumodif,
      	arc_archivo
    )
    values (
    	#indModo:CHAR#,
    	#numTicket:OTHER#,
    	#nomArchivo:VARCHAR#,
    	#fecRegis:TIMESTAMP#,
      	#codUsuRegis:VARCHAR#,
      	#fecModif:TIMESTAMP#,
      	#codUsumodif:VARCHAR#,
      	#arcArchivo:BLOB#
    )
  </insert>
  
</sqlMap>