<?xml version="1.0" encoding="UTF-8" ?>
<!DOCTYPE sqlMap PUBLIC "-//ibatis.apache.org//DTD SQL Map 2.0//EN" "http://ibatis.apache.org/dtd/sql-map-2.dtd" >
<sqlMap namespace="t6573retencion" >
  
  <!-- ***************** INICIO JVENTURA - [PAS20165E210300204] - F2[161526] *************** -->
  <typeAlias alias="documentosAceptadosclass" type="pe.gob.sunat.servicio2.cpe.otroscpe.emision.bean.DocumentosAceptadosBean" />
  <!-- ***************** FIN JVENTURA - [PAS20165E210300204] - F2[161526] *************** -->
  
  <resultMap id="BaseResultMap" class="pe.gob.sunat.servicio2.registro.electronico.comppago.factura.model.domain.T6573RetencionBean" >
	    <result column="numRuc" 			property="pkRetencion.numRuc" 		jdbcType="CHAR" />
	    <!-- <result column="codCpe" 			property="pkRetencion.codCpe" 		jdbcType="INTEGER" /> -->
	    <result column="codCpe" 			property="pkRetencion.codCpe" 		jdbcType="CHAR" />
	    <result column="numSerieCpe" 		property="pkRetencion.numSerieCpe" jdbcType="CHAR" />
	    <!-- <result column="numCpe" 			property="pkRetencion.numCpe" 		jdbcType="CHAR" /> -->
	    <result column="numCpe" 			property="pkRetencion.numCpe" 		jdbcType="INTEGER" />
	    <result column="codTipDocRecep" 	property="codTipDocRecep" 			jdbcType="CHAR" />
		<result column="desNomRecep" 		property="desNomRecep" 				jdbcType="CHAR" />
		<result column="numDocRecep" 		property="numDocRecep" 				jdbcType="CHAR" />
		<result column="fecEmi" 			property="fecEmi" 					jdbcType="TIMESTAMP" />
		<result column="codRegRet" 			property="codRegRet" 				jdbcType="CHAR" />
		<result column="desObservacion" 	property="desObservacion" 			jdbcType="VARCHAR" />
		<result column="mtoTotalRet" 		property="mtoTotalRet" 				jdbcType="BIGDECIMAL" />
		<result column="mtoTotalPagado" 	property="mtoTotalPagado" 			jdbcType="BIGDECIMAL" />
		<result column="codEstCpe" 			property="codEstCpe" 				jdbcType="CHAR" />
		<result column="indProcedencia" 	property="indProcedencia" 			jdbcType="CHAR" />
		<result column="indCpeFisico" 		property="indCpeFisico" 			jdbcType="CHAR" />
		<result column="desMotivoRev" 		property="desMotivoRev" 			jdbcType="VARCHAR" />
		<result column="fecRev" 			property="fecRev" 					jdbcType="TIMESTAMP" />
		<result column="codUsuRev" 			property="codUsuRev" 				jdbcType="CHAR" />
		<result column="numTicket" 			property="numTicket" 				jdbcType="LONG" />
		<result column="codCorreoRecep" 	property="codCorreoRecep" 			jdbcType="CHAR" />
		<result column="codMotContin" 		property="codMotContin" 			jdbcType="CHAR" />
		<result column="numPeriodo" 		property="numPeriodo" 				jdbcType="CHAR" />
		<result column="montoBaseCalculo" 	property="montoBaseCalculo" 		jdbcType="BIGDECIMAL" />
		<result column="indReemplazoReversion"	property="indReemplazoReversion" 	jdbcType="CHAR" />
	    <result column="fecRegis" 			property="auditoria.fecRegis" 		jdbcType="TIMESTAMP" />
	    <result column="codUsuRegis" 		property="auditoria.codUsuRegis" 	jdbcType="CHAR" />
	    <result column="fecModif" 			property="auditoria.fecModif" 		jdbcType="TIMESTAMP" />
	    <result column="codUsuModif" 		property="auditoria.codUsuModif" 	jdbcType="CHAR" />
	</resultMap>
	
  
  <select id="ibatorgenerated_selectByPrimaryKey" resultMap="BaseResultMap" parameterClass="pe.gob.sunat.servicio2.registro.electronico.comppago.factura.model.domain.T6573RetencionBean" >
	select
		cod_cpe           AS codCpe,
		num_cpe           AS numCpe,
		num_ruc           AS numRuc,
		num_serie_cpe     AS numSerieCpe,
		cod_tip_doc_recep AS codTipDocRecep,
		des_nom_recep     AS desNomRecep,
		num_doc_recep     AS numDocRecep,
		fec_emi           AS fecEmi,
		cod_reg_ret       AS codRegRet,
		des_observacion   AS desObservacion,
		mto_total_ret     AS mtoTotalRet,
		mto_total_pagado  AS mtoTotalPagado,
		cod_est_cpe       AS codEstCpe,
		ind_procedencia   AS indProcedencia,
		ind_cpe_fisico    AS indCpeFisico,
		des_motivo_rev    AS desMotivoRev,
		fec_rev           AS fecRev,
		cod_usu_rev       AS codUsuRev,
		num_ticket        AS numTicket,
		cod_correo_recep  AS codCorreoRecep,
		cod_mot_contin    AS codMotContin,
		num_periodo		  AS numPeriodo,
		mto_base_calculo  AS montoBaseCalculo,
		ind_reemp_rev	  AS indReemplazoReversion,
		fec_regis         AS fecRegis,
		cod_usuregis      AS codUsuRegis,
		fec_modif         AS fecModif,
		cod_usumodif      AS codUsuModif
    from t6573retencion
    where cod_cpe = #pkRetencion.codCpe:CHAR#
      and num_cpe = #pkRetencion.numCpe:INTEGER#
      and num_ruc = #pkRetencion.numRuc:CHAR#
      and num_serie_cpe = #pkRetencion.numSerieCpe:CHAR#
  </select>
  
  <select id="ibatorgenerated_countSelectByPrimaryKey" resultClass="java.lang.Integer" parameterClass="pe.gob.sunat.servicio2.registro.electronico.comppago.factura.model.domain.PkComprobante" >
	select count (*)
    from t6573retencion
    where cod_cpe = #codCpe:CHAR#
      and num_cpe = #numCpe:INTEGER#
      and num_ruc = #numRuc:CHAR#
      and num_serie_cpe = #numSerieCpe:CHAR#
  </select>
  
  <select id="buscarPorPk" resultMap="BaseResultMap" parameterClass="pe.gob.sunat.servicio2.registro.electronico.comppago.factura.model.domain.PkComprobante" >
	select
		cod_cpe           AS codCpe,
		num_cpe           AS numCpe,
		num_ruc           AS numRuc,
		num_serie_cpe     AS numSerieCpe,
		cod_tip_doc_recep AS codTipDocRecep,
		des_nom_recep     AS desNomRecep,
		num_doc_recep     AS numDocRecep,
		fec_emi           AS fecEmi,
		cod_reg_ret       AS codRegRet,
		des_observacion   AS desObservacion,
		mto_total_ret     AS mtoTotalRet,
		mto_total_pagado  AS mtoTotalPagado,
		cod_est_cpe       AS codEstCpe,
		ind_procedencia   AS indProcedencia,
		ind_cpe_fisico    AS indCpeFisico,
		des_motivo_rev    AS desMotivoRev,
		fec_rev           AS fecRev,
		cod_usu_rev       AS codUsuRev,
		num_ticket        AS numTicket,
		cod_correo_recep  AS codCorreoRecep,
		cod_mot_contin    AS codMotContin,
		num_periodo		  AS numPeriodo,
		mto_base_calculo  AS montoBaseCalculo,
		ind_reemp_rev	  AS indReemplazoReversion,
		fec_regis         AS fecRegis,
		cod_usuregis      AS codUsuRegis,
		fec_modif         AS fecModif,
		cod_usumodif      AS codUsuModif
    from t6573retencion
    where cod_cpe = #codCpe:CHAR#
      and num_cpe = #numCpe:INTEGER#
      and num_ruc = #numRuc:CHAR#
      and num_serie_cpe = #numSerieCpe:CHAR#
  </select>
  
  
  	<select id="getPk" parameterClass="java.lang.Long" resultClass="pe.gob.sunat.servicio2.registro.electronico.comppago.factura.model.domain.PkComprobante">
		SELECT
			cod_cpe         AS	codCpe,
			num_cpe         AS	numCpe,
			num_ruc         AS	numRuc,
			num_serie_cpe	AS	numSerieCpe
		FROM t6573retencion 
		WHERE 
			num_ticket = #nroTicket#;
	</select>
	
</sqlMap>
