<?xml version="1.0" encoding="UTF-8" ?>
<!DOCTYPE sqlMap PUBLIC "-//ibatis.apache.org//DTD SQL Map 2.0//EN"
"http://ibatis.apache.org/dtd/sql-map-2.dtd">

<sqlMap namespace="T8249">
	<typeAlias alias="T8249Bean" type="pe.gob.sunat.servicio2.registro.electronico.comppago.factura.model.domain.T8249Bean"/>
	
	<select id="findByFiltro" parameterClass="T8249Bean" resultClass="T8249Bean">
		SELECT b.num_ticket, b.num_cp, b.tip_cp, b.num_serie_cp, b.num_ruc_emisor, b.fec_emision_cp,
		to_char(b.fec_emision_cp,'%Y-%m-%d') AS fecha_emision, to_char(b.fec_emision_cp,'%H:%M') AS hora_emision, 
		b.mto_total, b.tip_doc_idecliente, b.num_doc_idecliente,
		b.ind_vigente, b.fec_regis, b.cod_usuregis, b.num_cp_modif, b.fec_modif, b.cod_usumodif
		FROM t8248envcpebim a, t8249cpebim b
		WHERE a.num_ticket = b.num_ticket
		AND a.ind_vigente = '1'
		AND b.ind_vigente = '1'
		<dynamic>
		 	<isNotNull prepend="AND" property="t8248Bean.num_ruc">	 
				a.num_ruc = #t8248Bean.num_ruc#
		 	</isNotNull>
		 	<isNotNull prepend="AND" property="tip_doc_idecliente">	 
				b.tip_doc_idecliente = #tip_doc_idecliente#
		 	</isNotNull> 
		 	<isNotNull prepend="AND" property="num_doc_idecliente">	 
				b.num_doc_idecliente = #num_doc_idecliente#
		 	</isNotNull> 
		 	<isNotNull prepend="AND" property="fec_emision_cp">	 
				date(b.fec_emision_cp) = #fec_emision_cp#
		 	</isNotNull> 
		 	<isNotNull prepend="AND" property="mto_total">	 
				b.mto_total = #mto_total#
		 	</isNotNull> 
		 	<isNotNull prepend="AND" property="num_ruc_emisor">	 
				b.num_ruc_emisor = #num_ruc_emisor#
		 	</isNotNull> 
		 	<isNotNull prepend="AND" property="num_serie_cp">	 
				b.num_serie_cp = #num_serie_cp#
		 	</isNotNull> 
		 	<isNotNull prepend="AND" property="num_cp">	 
				b.num_cp = #num_cp#
		 	</isNotNull>		 	
		 	<isNotNull prepend="AND" property="tip_cp">
		 		b.tip_cp = #tip_cp#
		 	</isNotNull>
		 	
		</dynamic>
	</select>

</sqlMap>