<?xml version="1.0" encoding="UTF-8" ?>
<!DOCTYPE sqlMap PUBLIC "-//ibatis.apache.org//DTD SQL Map 2.0//EN"
"http://ibatis.apache.org/dtd/sql-map-2.dtd">

<sqlMap namespace="T4241">
	<typeAlias alias="T4241Bean" type="pe.gob.sunat.servicio2.registro.electronico.comppago.factura.model.domain.T4241Bean"/>
	
	<select id="findByFiltro" parameterClass="T4241Bean" resultClass="T4241Bean">
		SELECT  num_ruc , cod_cpe, num_serie_cpe, num_cpe, cod_tipo_cpe, cod_docide_recep,  num_docide_recep, 
				des_nombre_recep, cod_moneda , des_observacion , ind_estado , ind_rechazo, mto_importe_total  , 
				num_id_xml , fec_emision ,	cod_est_anexo, cod_usumodif ,fec_modif
		FROM t4241cabcpe 
		WHERE  num_ruc = #num_ruc# AND cod_cpe = #cod_cpe# AND  num_serie_cpe = #num_serie_cpe# AND  num_cpe = #num_cpe#
				<dynamic>		
					<isNotNull prepend="AND" property="cod_docide_recep">	 
						cod_docide_recep = #cod_docide_recep# AND num_docide_recep = #num_docide_recep#
				 	</isNotNull> 
				</dynamic>
				AND date(fec_emision) = #fec_emision# 
				AND mto_importe_total = #mto_importe_total# ;
	</select>
	
	<select id="findCPEBy_RUCTipoProcedencia" parameterClass="T4241Bean" resultClass="T4241Bean">
    	SELECT 
		         t4241cabcpe.num_ruc ,
                 t4241cabcpe.cod_cpe , 
                 t4241cabcpe.num_serie_cpe ,
                 t4241cabcpe.num_cpe ,
                 t4241cabcpe.cod_tipo_cpe ,
			     t4241cabcpe.cod_docide_recep ,
			     t4241cabcpe.num_docide_recep ,
			     t4241cabcpe.des_nombre_recep ,
			     t4241cabcpe.cod_moneda ,
			     t4241cabcpe.des_observacion ,
                 t4241cabcpe.ind_estado ,
                 t4241cabcpe.ind_rechazo ,
                 t4241cabcpe.mto_importe_total ,
                 t4241cabcpe.num_id_xml ,
                 t4241cabcpe.fec_emision ,
                 t4241cabcpe.cod_est_anexo ,
			     t4241cabcpe.cod_usumodif ,
			     t4241cabcpe.fec_modif
        from t4241cabcpe
        where t4241cabcpe.num_ruc = #num_ruc# 
              AND t4241cabcpe.cod_cpe =#cod_cpe#  
              AND t4241cabcpe.ind_procedencia =#ind_procedencia#  
	</select>
	
	<select id="findFacturasByRUC" parameterClass="T4241Bean" resultClass="T4241Bean">
    	SELECT 
		         t4241cabcpe.num_ruc ,
                 t4241cabcpe.cod_cpe , 
                 t4241cabcpe.num_serie_cpe ,
                 t4241cabcpe.num_cpe ,
                 t4241cabcpe.cod_tipo_cpe ,
			     t4241cabcpe.cod_docide_recep ,
			     t4241cabcpe.num_docide_recep ,
			     t4241cabcpe.des_nombre_recep ,
			     t4241cabcpe.cod_moneda ,
			     t4241cabcpe.des_observacion ,
                 t4241cabcpe.ind_estado ,
                 t4241cabcpe.ind_rechazo ,
                 t4241cabcpe.mto_importe_total ,
                 t4241cabcpe.num_id_xml ,
                 t4241cabcpe.fec_emision ,
                 t4241cabcpe.cod_est_anexo ,
			     t4241cabcpe.cod_usumodif ,
			     t4241cabcpe.fec_modif
        from t4241cabcpe
        where t4241cabcpe.num_ruc = #num_ruc# 
              AND t4241cabcpe.cod_cpe =#cod_cpe#  
	</select>
	
    <select id="findTotalFacturasByRUC" parameterClass="T4241Bean" resultClass="Integer">
    	SELECT count(*) as total
        from t4241cabcpe
        where t4241cabcpe.num_ruc = #num_ruc# 
          AND t4241cabcpe.cod_cpe = #cod_cpe#  
	</select>
	
	<select id="findTotalBoletasByRUC" parameterClass="T4241Bean" resultClass="Integer">
    	SELECT count(*) as total
        from t4241cabcpe
        where t4241cabcpe.num_ruc = #num_ruc# 
          AND t4241cabcpe.cod_cpe = #cod_cpe#  
	</select>
    
	<select id="findByRUCRecepCPEPendientesAnulacion" parameterClass="T4241Bean" resultClass="T4241Bean">
    	SELECT 
		         t4241cabcpe.num_ruc ,
                 t4241cabcpe.cod_cpe , 
                 t4241cabcpe.num_serie_cpe ,
                 t4241cabcpe.num_cpe ,
                 t4241cabcpe.cod_tipo_cpe ,
			     t4241cabcpe.cod_docide_recep ,
			     t4241cabcpe.num_docide_recep ,
			     t4241cabcpe.des_nombre_recep ,
			     t4241cabcpe.cod_moneda ,
			     t4241cabcpe.des_observacion ,
                 t4241cabcpe.ind_estado ,
                 t4241cabcpe.ind_rechazo ,
                 t4241cabcpe.mto_importe_total ,
                 t4241cabcpe.num_id_xml ,
                 t4241cabcpe.fec_emision ,
                 t4241cabcpe.cod_est_anexo ,
			     t4241cabcpe.cod_usumodif ,
			     t4241cabcpe.fec_modif
        from t4241cabcpe
        where t4241cabcpe.ind_estado IN ("0")  
              AND t4241cabcpe.ind_rechazo != ("1")  
              AND t4241cabcpe.cod_cpe =#cod_cpe#  
  		      AND t4241cabcpe.cod_docide_recep = #cod_docide_recep#
		      AND t4241cabcpe.num_docide_recep = #num_docide_recep#
		ORDER BY fec_emision desc
	</select>

    <update id="updateCPEAnular" parameterClass="T4241Bean">
        UPDATE t4241cabcpe
        SET ind_rechazo  = #ind_rechazo#, 
            fec_modif    = #fec_modif#,
            cod_usumodif = #cod_usumodif#
        WHERE cod_cpe          =#cod_cpe#  AND
              num_ruc          = #num_ruc# AND
              cod_docide_recep = #cod_docide_recep# AND
              num_docide_recep = #num_docide_recep# AND
              num_serie_cpe    = #num_serie_cpe# AND
              num_cpe          = #num_cpe# AND
              ind_estado IN ("0")
    </update>
	
    <update id="updateCPERVI" parameterClass="T4241Bean">
        UPDATE t4241cabcpe
        SET num_per_regven  = #num_per_regven#, 
            num_cuo_regven  = #num_cuo_regven#, 
            fec_modif    = #fec_modif#,
            cod_usumodif = #cod_usumodif#
        WHERE cod_cpe          =#cod_cpe#  AND
              num_ruc          = #num_ruc# AND
              num_serie_cpe    = #num_serie_cpe# AND
              num_cpe          = #num_cpe# 
    </update>
    
	<insert id="insert" parameterClass="T4241Bean" >    
			insert into t4241cabcpe(
			     num_ruc ,
                 cod_cpe , 
                 num_serie_cpe ,
                 num_cpe ,
                 cod_tipo_cpe ,
			     cod_docide_recep ,
			     num_docide_recep ,
			     des_nombre_recep ,
			     cod_moneda ,
			     des_observacion ,
                 ind_estado ,
                 ind_rechazo ,
                 mto_importe_total ,
                 num_id_xml ,
                 fec_emision ,
                 cod_est_anexo ,
                 ind_procedencia,
                 mto_total_igv,
                 mto_total_venta,
                 num_per_regven,
                 num_per_regcom,
                 num_cuo_regven,
			     cod_usumodif ,
			     fec_modif
			) values (#num_ruc# ,
                 #cod_cpe#, 
                 #num_serie_cpe# ,
                 #num_cpe# ,
                 #cod_tipo_cpe# ,                 
			     #cod_docide_recep# ,
			     #num_docide_recep# ,
			     #des_nombre_recep# ,
			     #cod_moneda# ,
			     #des_observacion# ,
			     #ind_estado# ,
                 #ind_rechazo# ,
                 #mto_importe_total# , 
			     #num_id_xml# ,
			     #fec_emision# ,
			     #cod_est_anexo# ,
                 #ind_procedencia#,
                 #mto_total_igv#,
                 #mto_total_venta#,
                 #num_per_regven#,
                 #num_per_regcom#,  
                 #num_cuo_regven#,         
			     #cod_usumodif# ,
			     #fec_modif#)
  </insert>
	
	<parameterMap id="prmByRucFechas" class="java.util.Map">
	    <parameter property="cod_cpe"/>  
		<parameter property="nroRUC"/>
		<parameter property="fechaIni"/>
		<parameter property="fechaFin"/>
		
	</parameterMap>	
	
	<select id="findByPK" parameterClass="T4241Bean" resultClass="T4241Bean">
		SELECT *
		FROM t4241cabcpe 
		WHERE num_ruc = #num_ruc#
		AND num_serie_cpe = #num_serie_cpe#
		AND num_cpe  = #num_cpe#
        AND cod_cpe =#cod_cpe#  
	</select>	
	<!-- Consulta FE PORTAL num_serie_cpe = "E001" -->
	<select id="findByNroRUCRecibidas" parameterMap="prmByRucFechas" resultClass="T4241Bean">
	     SELECT 
		 t4241cabcpe.num_ruc ,
                 t4241cabcpe.cod_cpe , 
                 t4241cabcpe.num_serie_cpe ,
                 t4241cabcpe.num_cpe ,
                 t4241cabcpe.cod_tipo_cpe ,
			     t4241cabcpe.cod_docide_recep ,
			     t4241cabcpe.num_docide_recep ,
			     t4241cabcpe.des_nombre_recep ,
			     t4241cabcpe.cod_moneda ,
			     t4241cabcpe.des_observacion ,
                 t4241cabcpe.ind_estado ,
                 t4241cabcpe.ind_rechazo ,
                 t4241cabcpe.mto_importe_total ,
                 t4241cabcpe.num_id_xml ,
                 t4241cabcpe.fec_emision ,
                 t4241cabcpe.cod_est_anexo ,
			     t4241cabcpe.cod_usumodif ,
			     t4241cabcpe.fec_modif
        from t4241cabcpe
        where t4241cabcpe.ind_estado ="0" and 
              t4241cabcpe.ind_rechazo="0"  
              AND t4241cabcpe.cod_cpe = ? 
  		      AND t4241cabcpe.cod_docide_recep in ("06", "6", "6 ", " 6")
		      AND t4241cabcpe.num_docide_recep = ?
              AND t4241cabcpe.fec_emision BETWEEN ? AND ?  
              AND t4241cabcpe.num_serie_cpe = "E001"                                               
		      ORDER BY t4241cabcpe.fec_emision desc
	</select>
	
	<!-- Consulta FE PORTAL num_serie_cpe = "EB01" -->
	<select id="findByNroRUCBVERecibidas" parameterMap="prmByRucFechas" resultClass="T4241Bean">
	     SELECT 
		 t4241cabcpe.num_ruc ,
                 t4241cabcpe.cod_cpe , 
                 t4241cabcpe.num_serie_cpe ,
                 t4241cabcpe.num_cpe ,
                 t4241cabcpe.cod_tipo_cpe ,
			     t4241cabcpe.cod_docide_recep ,
			     t4241cabcpe.num_docide_recep ,
			     t4241cabcpe.des_nombre_recep ,
			     t4241cabcpe.cod_moneda ,
			     t4241cabcpe.des_observacion ,
                 t4241cabcpe.ind_estado ,
                 t4241cabcpe.ind_rechazo ,
                 t4241cabcpe.mto_importe_total ,
                 t4241cabcpe.num_id_xml ,
                 t4241cabcpe.fec_emision ,
                 t4241cabcpe.cod_est_anexo ,
			     t4241cabcpe.cod_usumodif ,
			     t4241cabcpe.fec_modif
        from t4241cabcpe
        where t4241cabcpe.ind_estado ="0" and 
              t4241cabcpe.ind_rechazo="0"  
              AND t4241cabcpe.cod_cpe = ? 
  		      AND t4241cabcpe.cod_docide_recep in ("06", "6", "6 ", " 6")
		      AND t4241cabcpe.num_docide_recep = ?
              AND t4241cabcpe.fec_emision BETWEEN ? AND ?  
              AND t4241cabcpe.num_serie_cpe = "EB01"                                               
		      ORDER BY t4241cabcpe.fec_emision desc
	</select>
	
	<!-- Consulta FE PORTAL num_serie_cpe = "E001" -->
	<select id="findByNroRUCRechazadas" parameterMap="prmByRucFechas" resultClass="T4241Bean">
	      	SELECT t4241cabcpe.num_ruc ,
                 t4241cabcpe.cod_cpe , 
                 t4241cabcpe.num_serie_cpe ,
                 t4241cabcpe.num_cpe ,
                 t4241cabcpe.cod_tipo_cpe ,
			     t4241cabcpe.cod_docide_recep ,
			     t4241cabcpe.num_docide_recep ,
			     t4241cabcpe.des_nombre_recep ,
			     t4241cabcpe.cod_moneda ,
			     t4241cabcpe.des_observacion ,
                 t4241cabcpe.ind_estado ,
                 t4241cabcpe.ind_rechazo ,
                 t4241cabcpe.mto_importe_total ,                 
                 t4241cabcpe.num_id_xml ,
                 t4241cabcpe.fec_emision ,
                 t4241cabcpe.cod_est_anexo ,
			     t4241cabcpe.cod_usumodif ,
			     t4241cabcpe.fec_modif, 
                 rubros3.fec_rubro
        from t4241cabcpe, t4283rubroscpe as rubros3
        where t4241cabcpe.num_ruc = rubros3.num_ruc and
              t4241cabcpe.cod_cpe = rubros3.cod_cpe and
              t4241cabcpe.num_serie_cpe= rubros3.num_serie_cpe and
              t4241cabcpe.num_cpe = rubros3.num_cpe and              
              t4241cabcpe.ind_estado IN ("0") and 
              t4241cabcpe.ind_rechazo="1" and 
             rubros3.num_fila_item = 0 and
              rubros3.cod_rubro=301          
              AND t4241cabcpe.cod_cpe = ?    
  		      AND t4241cabcpe.cod_docide_recep in ("06", "6", "6 ", " 6")
		      AND t4241cabcpe.num_docide_recep = ?
              AND rubros3.fec_rubro BETWEEN ? AND ?
              AND t4241cabcpe.num_serie_cpe = "E001"
		      ORDER BY fec_emision desc	
	</select>
	<!-- Consulta FE PORTAL num_serie_cpe = "E001" -->
	<select id="findByNroRUCEmitidas" parameterMap="prmByRucFechas" resultClass="T4241Bean">
		 SELECT 
		 t4241cabcpe.num_ruc ,
         t4241cabcpe.cod_cpe , 
                 t4241cabcpe.num_serie_cpe ,
                 t4241cabcpe.num_cpe ,
                 t4241cabcpe.cod_tipo_cpe ,
			     t4241cabcpe.cod_docide_recep ,
			     t4241cabcpe.num_docide_recep ,
			     t4241cabcpe.des_nombre_recep ,
			     t4241cabcpe.cod_moneda ,
			     t4241cabcpe.des_observacion ,
                 t4241cabcpe.ind_estado ,
                 t4241cabcpe.ind_rechazo ,
                 t4241cabcpe.mto_importe_total ,                   
                 t4241cabcpe.num_id_xml ,
                 t4241cabcpe.fec_emision ,
                 t4241cabcpe.cod_est_anexo ,
			     t4241cabcpe.cod_usumodif ,
			     t4241cabcpe.fec_modif, 
                 rubros2.fec_rubro
        from t4241cabcpe,outer t4283rubroscpe as rubros2
        where t4241cabcpe.num_ruc = rubros2.num_ruc and
              t4241cabcpe.cod_cpe = rubros2.cod_cpe and
              t4241cabcpe.num_serie_cpe=rubros2.num_serie_cpe and
              t4241cabcpe.num_cpe =rubros2.num_cpe and
              t4241cabcpe.ind_estado ="0" and 
              rubros2.num_fila_item = 0 and
              rubros2.cod_rubro=301 
               AND t4241cabcpe.cod_cpe = ? 
		      AND t4241cabcpe.num_ruc = ?
              AND t4241cabcpe.fec_emision BETWEEN ? AND ?  
              AND t4241cabcpe.num_serie_cpe = "E001" 
		      ORDER BY t4241cabcpe.fec_emision desc    			
	</select>
	
	<!-- Consulta NDNC PORTAL num_serie_cpe = "E001" -->
    <select id="findByNroRUCNDNCEmitidas" parameterMap="prmByRucFechas" resultClass="T4241Bean">
	     SELECT 
		 		 t4241cabcpe.num_ruc ,
                 t4241cabcpe.cod_cpe , 
                 t4241cabcpe.num_serie_cpe ,
                 t4241cabcpe.num_cpe ,
                 t4241cabcpe.cod_tipo_cpe ,
			     t4241cabcpe.cod_docide_recep ,
			     t4241cabcpe.num_docide_recep ,
			     t4241cabcpe.des_nombre_recep ,
			     t4241cabcpe.cod_moneda ,
			     t4241cabcpe.des_observacion ,
                 t4241cabcpe.ind_estado ,
                 t4241cabcpe.ind_rechazo ,
                 t4241cabcpe.mto_importe_total ,
                 t4241cabcpe.num_id_xml ,
                 t4241cabcpe.fec_emision ,
                 t4241cabcpe.cod_est_anexo ,
			     t4241cabcpe.cod_usumodif ,
			     t4241cabcpe.fec_modif
        from t4241cabcpe
        where t4241cabcpe.cod_cpe = ? 
  		      AND t4241cabcpe.num_ruc = ?
              AND t4241cabcpe.fec_emision BETWEEN ? AND ?
              AND t4241cabcpe.num_serie_cpe = "E001"
		      ORDER BY t4241cabcpe.fec_emision desc	    
	</select>
	
	<!-- Consulta NDNC PORTAL num_serie_cpe = "E001" -->
	<select id="findByNroRUCNCNDRecibidas" parameterMap="prmByRucFechas" resultClass="T4241Bean">
	     SELECT 
		 t4241cabcpe.num_ruc ,
                 t4241cabcpe.cod_cpe , 
                 t4241cabcpe.num_serie_cpe ,
                 t4241cabcpe.num_cpe ,
                 t4241cabcpe.cod_tipo_cpe ,
			     t4241cabcpe.cod_docide_recep ,
			     t4241cabcpe.num_docide_recep ,
			     t4241cabcpe.des_nombre_recep ,
			     t4241cabcpe.cod_moneda ,
			     t4241cabcpe.des_observacion ,
                 t4241cabcpe.ind_estado ,
                 t4241cabcpe.ind_rechazo ,
                 t4241cabcpe.mto_importe_total ,
                 t4241cabcpe.num_id_xml ,
                 t4241cabcpe.fec_emision ,
                 t4241cabcpe.cod_est_anexo ,
			     t4241cabcpe.cod_usumodif ,
			     t4241cabcpe.fec_modif
        from t4241cabcpe
        where t4241cabcpe.cod_cpe = ? 
  		      AND t4241cabcpe.cod_docide_recep in ("06", "6", "6 ", " 6")
		      AND t4241cabcpe.num_docide_recep = ?
              AND t4241cabcpe.fec_emision BETWEEN ? AND ?
              AND t4241cabcpe.num_serie_cpe = "E001"
		      ORDER BY t4241cabcpe.fec_emision desc	
	</select>
	
	<!-- Consulta NDNC PORTAL num_serie_cpe = "EB01" -->
    <select id="findByNroRUCNDNCBVEEmitidas" parameterMap="prmByRucFechas" resultClass="T4241Bean">
	     SELECT 
		 		 t4241cabcpe.num_ruc ,
                 t4241cabcpe.cod_cpe , 
                 t4241cabcpe.num_serie_cpe ,
                 t4241cabcpe.num_cpe ,
                 t4241cabcpe.cod_tipo_cpe ,
			     t4241cabcpe.cod_docide_recep ,
			     t4241cabcpe.num_docide_recep ,
			     t4241cabcpe.des_nombre_recep ,
			     t4241cabcpe.cod_moneda ,
			     t4241cabcpe.des_observacion ,
                 t4241cabcpe.ind_estado ,
                 t4241cabcpe.ind_rechazo ,
                 t4241cabcpe.mto_importe_total ,
                 t4241cabcpe.num_id_xml ,
                 t4241cabcpe.fec_emision ,
                 t4241cabcpe.cod_est_anexo ,
			     t4241cabcpe.cod_usumodif ,
			     t4241cabcpe.fec_modif
        from t4241cabcpe
        where t4241cabcpe.cod_cpe = ? 
  		      AND t4241cabcpe.num_ruc = ?
              AND t4241cabcpe.fec_emision BETWEEN ? AND ?
              AND t4241cabcpe.num_serie_cpe = "EB01"
		      ORDER BY t4241cabcpe.fec_emision desc	    
	</select>
	
	<!-- Consulta NDNC PORTAL num_serie_cpe = "EB01" -->
	<select id="findByNroRUCNCNDBVERecibidas" parameterMap="prmByRucFechas" resultClass="T4241Bean">
	     SELECT 
		 t4241cabcpe.num_ruc ,
                 t4241cabcpe.cod_cpe , 
                 t4241cabcpe.num_serie_cpe ,
                 t4241cabcpe.num_cpe ,
                 t4241cabcpe.cod_tipo_cpe ,
			     t4241cabcpe.cod_docide_recep ,
			     t4241cabcpe.num_docide_recep ,
			     t4241cabcpe.des_nombre_recep ,
			     t4241cabcpe.cod_moneda ,
			     t4241cabcpe.des_observacion ,
                 t4241cabcpe.ind_estado ,
                 t4241cabcpe.ind_rechazo ,
                 t4241cabcpe.mto_importe_total ,
                 t4241cabcpe.num_id_xml ,
                 t4241cabcpe.fec_emision ,
                 t4241cabcpe.cod_est_anexo ,
			     t4241cabcpe.cod_usumodif ,
			     t4241cabcpe.fec_modif
        from t4241cabcpe
        where t4241cabcpe.cod_cpe = ?
        	  AND t4241cabcpe.cod_docide_recep in ("06", "6", "6 ", " 6")   
		      AND t4241cabcpe.num_docide_recep = ?
              AND t4241cabcpe.fec_emision BETWEEN ? AND ?
              AND t4241cabcpe.num_serie_cpe = "EB01"
		      ORDER BY t4241cabcpe.fec_emision desc
	</select>
	
	<!-- Consulta BVE PORTAL num_serie_cpe = "EB01" -->
	<select id="findByNroRUCBVEEmitidas" parameterMap="prmByRucFechas" resultClass="T4241Bean">
		 SELECT t4241cabcpe.num_ruc ,
         		t4241cabcpe.cod_cpe , 
                t4241cabcpe.num_serie_cpe ,
                t4241cabcpe.num_cpe ,
                t4241cabcpe.cod_tipo_cpe ,
			    t4241cabcpe.cod_docide_recep ,
			    t4241cabcpe.num_docide_recep ,
			    t4241cabcpe.des_nombre_recep ,
			    t4241cabcpe.cod_moneda ,
			    t4241cabcpe.des_observacion ,
                t4241cabcpe.ind_estado ,
                t4241cabcpe.ind_rechazo ,
                t4241cabcpe.mto_importe_total ,                   
                t4241cabcpe.num_id_xml ,
                t4241cabcpe.fec_emision ,
                t4241cabcpe.cod_est_anexo ,
			    t4241cabcpe.cod_usumodif ,
			    t4241cabcpe.fec_modif, 
                rubros2.fec_rubro
           from t4241cabcpe,outer t4283rubroscpe as rubros2
          where t4241cabcpe.num_ruc = rubros2.num_ruc
            and t4241cabcpe.cod_cpe = rubros2.cod_cpe
            and t4241cabcpe.num_serie_cpe=rubros2.num_serie_cpe
            and t4241cabcpe.num_cpe =rubros2.num_cpe
            and t4241cabcpe.ind_estado ="0" 
            and rubros2.num_fila_item = 0
            and rubros2.cod_rubro=301
            and t4241cabcpe.cod_cpe = ? 
            and t4241cabcpe.num_ruc = ?
            and t4241cabcpe.fec_emision BETWEEN ? AND ?  
            and t4241cabcpe.num_serie_cpe = "EB01"
		  ORDER BY t4241cabcpe.fec_emision desc    			
	</select>
  
  	<select id="buscarFacturaEmitida" resultClass="T4241Bean">
		SELECT 	num_ruc, cod_cpe, num_serie_cpe,  num_cpe, cod_docide_recep, num_docide_recep, cod_moneda, 
				num_id_xml, mto_importe_total, ind_estado, fec_emision         
		FROM t4241cabcpe
		WHERE   ind_estado 	in ("0","2")       
			AND cod_cpe 	= "01"        
			AND num_ruc 	= #numRUC#    
			AND num_serie_cpe = #serie# 
			AND num_cpe 	= #numero#    
		ORDER BY fec_emision desc
	</select>
	
	<select id="buscarFacturaRecibida" resultClass="T4241Bean">
		 SELECT	 num_ruc, cod_cpe, num_serie_cpe,  num_cpe, cod_docide_recep, num_docide_recep, cod_moneda, 
				num_id_xml, mto_importe_total, ind_estado, fec_emision   
         FROM t4241cabcpe
         WHERE ind_estado in ("0","2")              
              AND cod_cpe = "01" 
  		      AND cod_docide_recep in ("06", "6", "6 ", " 6")
		      AND num_docide_recep = #numRUC#
              AND num_ruc = #rucEmisor#
              AND num_serie_cpe = #serie#
              AND num_cpe = #numero#
		      ORDER BY t4241cabcpe.fec_emision desc	
	</select>
	
	<select id="buscarNCNDEmitida" resultClass="T4241Bean">
	     SELECT  num_ruc, cod_cpe, num_serie_cpe,  num_cpe, cod_docide_recep, num_docide_recep, cod_moneda, 
				num_id_xml, mto_importe_total, ind_estado, fec_emision   
         FROM t4241cabcpe
         WHERE   ind_estado 	in ("0","2")       
			AND cod_cpe 	= #codCpe#       
			AND num_ruc 	= #numRUC#    
			AND num_serie_cpe = #serie# 
			AND num_cpe 	= #numero#    
			ORDER BY fec_emision desc	
	</select>
	<select id="buscarNCNDRecibida" resultClass="T4241Bean">
	     SELECT num_ruc, cod_cpe, num_serie_cpe,  num_cpe, cod_docide_recep, num_docide_recep, cod_moneda, 
				num_id_xml, mto_importe_total, ind_estado, fec_emision   
         FROM t4241cabcpe
         WHERE cod_cpe = #codCpe# 
  		      AND cod_docide_recep in ("06", "6", "6 ", " 6")
		      AND num_docide_recep = #numRUC#
		      AND num_ruc = #rucEmisor#
		      AND num_serie_cpe = #serie#
		      AND num_cpe = #numero# 
		      ORDER BY fec_emision desc	
	</select>
	
	<select id="buscarBoletaEmitida" resultClass="T4241Bean">
		SELECT num_ruc, cod_cpe, num_serie_cpe,  num_cpe, cod_docide_recep, num_docide_recep, cod_moneda, 
			   num_id_xml, mto_importe_total, ind_estado, fec_emision         
		  FROM t4241cabcpe
		 WHERE ind_estado in ("0","2")       
		   AND cod_cpe = "03"        
		   AND num_ruc = #numRUC#    
		   AND num_serie_cpe = #serie# 
		   AND num_cpe = #numero#    
		ORDER BY fec_emision desc
	</select>
	
	<select id="buscarBoletaRecibida" resultClass="T4241Bean">
		 SELECT	 num_ruc, cod_cpe, num_serie_cpe,  num_cpe, cod_docide_recep, num_docide_recep, cod_moneda, 
				num_id_xml, mto_importe_total, ind_estado, fec_emision   
         FROM t4241cabcpe
         WHERE ind_estado in ("0","2")              
              AND cod_cpe = "03" 
  		      AND cod_docide_recep in ("06", "6", "6 ", " 6")
		      AND num_docide_recep = #numRUC#
              AND num_ruc = #rucEmisor#
              AND num_serie_cpe = #serie#
              AND num_cpe = #numero#
		      ORDER BY t4241cabcpe.fec_emision desc	
	</select>
  
	<parameterMap id="prmByRucPeriodo" class="java.util.Map">
    	<parameter property="nroRUC"/>
    	<parameter property="periodo"/>
	</parameterMap>
    	
    <select id="findMaxCuo_ByRUCPerRegVen" parameterMap="prmByRucPeriodo" resultClass="java.lang.Integer">
		SELECT MAX(num_cuo_regven) as max_num_cuo
        FROM t4241cabcpe
		WHERE num_ruc = ? 
              AND num_per_regven = ?
	</select>
    
   <parameterMap id="prmByRucFechasAll" class="java.util.Map">
		<parameter property="nroRUC"/>
		<parameter property="fechaIni"/>
		<parameter property="fechaFin"/>

	</parameterMap>	
    <select id="findByNroRUCCPCEmitidos" parameterMap="prmByRucFechasAll" resultClass="T4241Bean">
	     SELECT 
		 		 t4241cabcpe.num_ruc ,
                 t4241cabcpe.cod_cpe , 
                 t4241cabcpe.num_serie_cpe ,
                 t4241cabcpe.num_cpe ,
                 t4241cabcpe.cod_tipo_cpe ,
			     t4241cabcpe.cod_docide_recep ,
			     t4241cabcpe.num_docide_recep ,
			     t4241cabcpe.des_nombre_recep ,
			     t4241cabcpe.cod_moneda ,
			     t4241cabcpe.des_observacion ,
                 t4241cabcpe.ind_estado ,
                 t4241cabcpe.ind_rechazo ,
                 t4241cabcpe.mto_importe_total ,
                 t4241cabcpe.num_id_xml ,
                 t4241cabcpe.fec_emision ,
                 t4241cabcpe.cod_est_anexo ,
			     t4241cabcpe.cod_usumodif ,
			     t4241cabcpe.fec_modif
        from t4241cabcpe
        where t4241cabcpe.num_ruc = ?
              AND t4241cabcpe.fec_emision BETWEEN ? AND ?
              AND ind_rechazo = 0
		      ORDER BY t4241cabcpe.fec_emision 	    
	</select>
	 
     <select id="findByNroRUCCPCEmitidosMonedaExtranjera" parameterMap="prmByRucFechasAll" resultClass="T4241Bean">
	      <![CDATA[
         SELECT 
		 		 t4241cabcpe.num_ruc ,
                 t4241cabcpe.cod_cpe , 
                 t4241cabcpe.num_serie_cpe ,
                 t4241cabcpe.num_cpe ,
                 t4241cabcpe.cod_tipo_cpe ,
			     t4241cabcpe.cod_docide_recep ,
			     t4241cabcpe.num_docide_recep ,
			     t4241cabcpe.des_nombre_recep ,
			     t4241cabcpe.cod_moneda ,
			     t4241cabcpe.des_observacion ,
                 t4241cabcpe.ind_estado ,
                 t4241cabcpe.ind_rechazo ,
                 t4241cabcpe.mto_importe_total ,
                 t4241cabcpe.num_id_xml ,
                 t4241cabcpe.fec_emision ,
                 t4241cabcpe.cod_est_anexo ,
			     t4241cabcpe.cod_usumodif ,
			     t4241cabcpe.fec_modif
        from t4241cabcpe
        where t4241cabcpe.num_ruc = ?
              AND t4241cabcpe.fec_emision BETWEEN ? AND ?
              AND cod_moneda <> "PEN"
              AND num_per_regven ="-"
		      ORDER BY t4241cabcpe.cod_cpe, t4241cabcpe.num_serie_cpe, t4241cabcpe.num_cpe, t4241cabcpe.fec_emision 	    
        ]]>              
	</select>   

     <select id="findByNroRUCCPCEmitidos_RVI" parameterMap="prmByRucFechasAll" resultClass="T4241Bean">
	      <![CDATA[
         SELECT 
		 		 t4241cabcpe.num_ruc ,
                 t4241cabcpe.cod_cpe , 
                 t4241cabcpe.num_serie_cpe ,
                 t4241cabcpe.num_cpe ,
                 t4241cabcpe.cod_tipo_cpe ,
			     t4241cabcpe.cod_docide_recep ,
			     t4241cabcpe.num_docide_recep ,
			     t4241cabcpe.des_nombre_recep ,
			     t4241cabcpe.cod_moneda ,
			     t4241cabcpe.des_observacion ,
                 t4241cabcpe.ind_estado ,
                 t4241cabcpe.ind_rechazo ,
                 t4241cabcpe.mto_importe_total ,
                 t4241cabcpe.num_id_xml ,
                 t4241cabcpe.fec_emision ,
                 t4241cabcpe.cod_est_anexo ,
			     t4241cabcpe.cod_usumodif ,
			     t4241cabcpe.fec_modif
        from t4241cabcpe
        where t4241cabcpe.num_ruc = ?
              AND t4241cabcpe.fec_emision BETWEEN ? AND ?
              AND num_per_regven ="-"
		      ORDER BY t4241cabcpe.fec_emision ,t4241cabcpe.cod_cpe, t4241cabcpe.num_serie_cpe, t4241cabcpe.num_cpe ,t4241cabcpe.ind_estado	    
        ]]>              
	</select>      

	
	
	 <update id="updateCPEDEBAJAFEGEM" parameterClass="T4241Bean">
        UPDATE t4241cabcpe
        SET ind_estado  = #ind_estado#, 
            fec_modif    = #fec_modif#,
            cod_usumodif = #cod_usumodif#
        WHERE 
              num_ruc          = #num_ruc# AND
              cod_cpe          =#cod_cpe#  AND
              num_serie_cpe    = #num_serie_cpe# AND
              num_cpe          = #num_cpe# AND
              ind_estado IN ("0")
    </update>
    
    <select id="buscarGreEmitida" parameterClass="java.util.HashMap" resultClass="java.util.HashMap">
		SELECT a.num_serie_cpe , a.num_cpe , a.cod_cpe ,a.num_ruc , a.num_id_xml  , a.ind_estado  , a.fec_emision  
		FROM t4241cabcpe a , t4993arcadcpe p
		  WHERE a.num_ruc = p.num_ruc
		    AND a.num_id_xml = p.num_id_archivo
		    AND a.num_ruc = #ruc#     
            AND a.cod_cpe =#codcpe#
            AND to_char(a.fec_emision,'%Y%m') = #periodo#
		    ORDER BY fec_emision desc
	</select>
	
	<select id="buscarGreRecibida" parameterClass="java.util.HashMap" resultClass="java.util.HashMap">
		   SELECT a.num_serie_cpe, a.num_cpe , a.cod_cpe ,a.num_ruc , a.num_docide_recep , a.num_id_xml  , a.ind_estado , a.cod_docide_recep , a.fec_emision 
	      FROM t4241cabcpe a , t4993arcadcpe p
	      WHERE a.num_ruc = p.num_ruc
	      AND a.num_id_xml = p.num_id_archivo
	      AND a.num_docide_recep = #documento#
	      AND a.cod_docide_recep = #tipodocumento#
	      AND a.cod_cpe = #codcpe#
	      AND to_char(a.fec_emision,'%Y%m') = #periodo#
	      AND a.num_serie_cpe = "G001"
	      ORDER BY fec_emision desc
	</select>
	

		<select id="consultarGreRelacionadaHijo"  parameterClass="java.util.HashMap" resultClass="java.util.HashMap">
		  
		  SELECT  a.num_ruc , a.cod_cpe , a.num_serie_cpe , a.num_cpe ,a.num_docide_recep , a.num_id_xml  , a.ind_estado , b.num_ruc_rel , a.fec_emision
	      FROM t4241cabcpe a , t4429Docrel b
	      where a.num_ruc = b.num_ruc
	      and a.cod_cpe = b.cod_cpe
	      and a.num_serie_cpe = b.num_serie_cpe
	      and a.num_cpe = b.num_cpe
	      and b.num_ruc_rel = #ruc#
	      and b.cod_doc_rel = #tipoguia#
	      and b.num_doc_rel = #numeroguia#
	      and b.num_serie_doc_rel = #numeroserie#
	      and b.cod_relacion in ('11','12','14','15','16','17')
	      ORDER BY a.fec_emision desc
	</select>	  
	
	<select id="consultarGreRelacionadaPadre"  parameterClass="java.util.HashMap" resultClass="java.util.HashMap">
		  
		  SELECT a.num_ruc ,  a.cod_cpe ,a.num_serie_cpe, a.num_cpe, a.num_docide_recep , a.num_id_xml  , a.ind_estado , b.num_ruc_rel , a.fec_emision
	      FROM t4241cabcpe a , t4429Docrel b
	      where a.num_ruc = b.num_ruc_rel
	      and a.cod_cpe = b.cod_doc_rel
	      and a.num_serie_cpe = b.num_serie_doc_rel
	      and a.num_cpe = b.num_doc_rel
	      and b.num_ruc = #ruc#
	      and b.cod_cpe = #tipoguia#
	      and b.num_cpe = #numeroguia#
	      and b.num_serie_cpe = #numeroserie#
	      and b.cod_relacion in ('11','12','14','15','16','17')
	      ORDER BY a.fec_emision desc
	      
	</select>
	
	
	
	<select id="findByTiposRuc"  parameterClass="java.util.HashMap" resultClass="java.util.HashMap">
		select cab.fec_emision as fechaEmision,
		dat.fec_inicio_traslad as fechaInicioTraslado,
		cab.num_serie_cpe||'-'||cab.num_cpe as nroGRE,
		cab.num_serie_cpe as numSerieGRE,
		cab.num_cpe as numGRE,
		cab.cod_cpe as codCpe,
		
		CASE cab.cod_cpe
		WHEN '60' THEN cab.num_ruc
		WHEN '61' THEN cab.num_ruc
		WHEN '62' THEN ''
		WHEN '63' THEN ''
		ELSE ''
		END as rucRemitente,
		
		CASE cab.cod_cpe
		WHEN '60' THEN per.num_doc_ident
		WHEN '61' THEN per.num_doc_ident
		WHEN '62' THEN cab.num_ruc
		WHEN '63' THEN cab.num_ruc
		ELSE ''
		END as rucTransportista,
		
		dir.des_direccion as direccionLlegada,
		cab.des_nombre_recep as nombreDestinatario,
		cab.num_ruc as nroRuc,
		cab.cod_cpe as tipoCPE,
		cab.num_id_xml as numidxml		
		
		from T4241CABCPE cab
		
		left join T5228DATCOMPLEME dat
		        on cab.num_ruc=dat.num_ruc
		        and cab.cod_cpe=dat.cod_cpe
		        and cab.num_serie_cpe=dat.num_serie_cpe
		        and cab.num_cpe=dat.num_cpe
		
		left join T5229DIRECCION dir
		        on cab.num_ruc=dir.num_ruc
		        and cab.cod_cpe=dir.cod_cpe
		        and cab.num_serie_cpe=dir.num_serie_cpe
		        and cab.num_cpe=dir.num_cpe
		        and dir.cod_tipo_direccion=2
		
		left outer join T5231PERSORELAC per
		        on cab.num_ruc=per.num_ruc
		        and cab.cod_cpe=per.cod_cpe
		        and cab.num_serie_cpe=per.num_serie_cpe
		        and cab.num_cpe=per.num_cpe
		        and per.cod_tipo_persona='1'
		        and per.cod_tip_doc_ident='6'
		
        <dynamic prepend="where">
        	<isNotNull prepend=" and " property="cod_cpe">
				cab.cod_cpe IN 
                    <iterate property="cod_cpe"
                         open="(" close=")"
                         conjunction=",">
                           #cod_cpe[]#
                    </iterate>
              </isNotNull>
	        	<isNotNull prepend=" and " property="num_ruc">cab.num_ruc = #num_ruc:CHAR#</isNotNull>
				<isNotNull prepend=" and " property="num_serie_cpe"> cab.num_serie_cpe = #num_serie_cpe#</isNotNull>
				<isNotNull prepend=" and " property="num_cpe"> cab.num_cpe = #num_cpe#</isNotNull>			
				and date(dat.fec_inicio_traslad)>=date((CURRENT - 10 UNITS DAY))
		</dynamic>
	      
	</select>
	
	<select id="findByTiposRucSerieNumero"  parameterClass="java.util.HashMap" resultClass="java.util.HashMap">  
		select cab.fec_emision as fechaEmision,
			dat.fec_inicio_traslad as fechaInicioTraslado,
			cab.num_serie_cpe||'-'||cab.num_cpe as nroGRE,
			cab.num_serie_cpe as numSerieGRE,
			cab.num_cpe as numGRE,
			cab.cod_cpe as codCpe,
			
			CASE cab.cod_cpe
			WHEN '60' THEN cab.num_ruc
			WHEN '61' THEN cab.num_ruc
			WHEN '62' THEN ''
			WHEN '63' THEN ''
			ELSE ''
			END as rucRemitente,
			
			CASE cab.cod_cpe
			WHEN '60' THEN per.num_doc_ident
			WHEN '61' THEN per.num_doc_ident
			WHEN '62' THEN cab.num_ruc
			WHEN '63' THEN cab.num_ruc
			ELSE ''
			END as rucTransportista,
			
			dir.des_direccion as direccionLlegada,
			cab.des_nombre_recep as nombreDestinatario,
			cab.num_ruc as nroRuc,
			cab.cod_cpe tipoCPE,
			cab.num_id_xml as numidxml			
			
			from T4241CABCPE cab
			
			left join T5228DATCOMPLEME dat
			        on cab.num_ruc=dat.num_ruc
			        and cab.cod_cpe=dat.cod_cpe
			        and cab.num_serie_cpe=dat.num_serie_cpe
			        and cab.num_cpe=dat.num_cpe
			
			left join T5229DIRECCION dir
			        on cab.num_ruc=dir.num_ruc
			        and cab.cod_cpe=dir.cod_cpe
			        and cab.num_serie_cpe=dir.num_serie_cpe
			        and cab.num_cpe=dir.num_cpe
			        and dir.cod_tipo_direccion=2
			
			left outer join T5231PERSORELAC per
			        on cab.num_ruc=per.num_ruc
			        and cab.cod_cpe=per.cod_cpe
			        and cab.num_serie_cpe=per.num_serie_cpe
			        and cab.num_cpe=per.num_cpe
			        and per.cod_tipo_persona='1'
			        and per.cod_tip_doc_ident='6'
			<dynamic prepend="where">
        	<isNotNull prepend=" and " property="cod_cpe">
				cab.cod_cpe IN 
                    <iterate property="cod_cpe"
                         open="(" close=")"
                         conjunction=",">
                           #cod_cpe[]#
                    </iterate>
              </isNotNull>
        	<isNotNull prepend=" and " property="num_ruc">cab.num_ruc = #num_ruc:CHAR#</isNotNull>
			<isNotNull prepend=" and " property="num_serie_cpe"> cab.num_serie_cpe = #num_serie_cpe#</isNotNull>
			<isNotNull prepend=" and " property="num_cpe"> cab.num_cpe = #num_cpe#</isNotNull>
		</dynamic>
	      
	</select>
	
	<select id="findByPlaca"  parameterClass="java.util.HashMap" resultClass="java.util.HashMap">
		  select cab.fec_emision as fechaEmision,
			dat.fec_inicio_traslad as fechaInicioTraslado,
			cab.num_serie_cpe||'-'||cab.num_cpe as nroGRE,
			cab.num_serie_cpe as numSerieGRE,
			cab.num_cpe as numGRE,
			cab.cod_cpe as codCpe,
			
			CASE cab.cod_cpe
			WHEN '60' THEN cab.num_ruc
			WHEN '61' THEN cab.num_ruc
			WHEN '62' THEN ''
			WHEN '63' THEN ''
			ELSE ''
			END as rucRemitente,
			
			CASE cab.cod_cpe
			WHEN '60' THEN per.num_doc_ident
			WHEN '61' THEN per.num_doc_ident
			WHEN '62' THEN cab.num_ruc
			WHEN '63' THEN cab.num_ruc
			ELSE ''
			END as rucTransportista,
			
			dir.des_direccion as direccionLlegada,
			cab.des_nombre_recep as nombreDestinatario,
			cab.num_ruc as nroRuc,
			cab.cod_cpe as tipoCPE,
			cab.num_id_xml as numidxml
			
			from T4241CABCPE cab
			
			inner join T5230VEHICUSADO veh
			        on cab.num_ruc=veh.num_ruc
			        and cab.cod_cpe=veh.cod_cpe
			        and cab.num_serie_cpe=veh.num_serie_cpe
			        and cab.num_cpe=veh.num_cpe
			
			
			left join T5228DATCOMPLEME dat
			        on cab.num_ruc=dat.num_ruc
			        and cab.cod_cpe=dat.cod_cpe
			        and cab.num_serie_cpe=dat.num_serie_cpe
			        and cab.num_cpe=dat.num_cpe
			
			left join T5229DIRECCION dir
			        on cab.num_ruc=dir.num_ruc
			        and cab.cod_cpe=dir.cod_cpe
			        and cab.num_serie_cpe=dir.num_serie_cpe
			        and cab.num_cpe=dir.num_cpe
			        and dir.cod_tipo_direccion=2
			
			left outer join T5231PERSORELAC per
			        on cab.num_ruc=per.num_ruc
			        and cab.cod_cpe=per.cod_cpe
			        and cab.num_serie_cpe=per.num_serie_cpe
			        and cab.num_cpe=per.num_cpe
			        and per.cod_tipo_persona='1'
			        and per.cod_tip_doc_ident='6'
			
			<dynamic prepend="where">
			<isNotNull prepend=" and " property="cod_cpe">
				cab.cod_cpe IN 
                    <iterate property="cod_cpe"
                         open="(" close=")"
                         conjunction=",">
                           #cod_cpe[]#
                    </iterate>
              </isNotNull>                                                                         
				<isNotNull prepend=" and " property="num_serie_cpe">cab.num_serie_cpe = #num_serie_cpe#</isNotNull>
				<isNotNull prepend=" and " property="num_cpe">cab.num_cpe = #num_cpe#</isNotNull>
				<isNotNull prepend=" and " property="num_placa">veh.num_placa = #num_placa#</isNotNull>								
				<isNotNull prepend=" and " property="dias_atras"> date(dat.fec_inicio_traslad)>=date((CURRENT - #dias_atras# UNITS DAY))</isNotNull>
	      	</dynamic>
	</select>
	
	
	<select id="findGuiaAsociada"  parameterClass="java.util.HashMap" resultClass="java.util.HashMap">
		select cab.fec_emision as fechaEmision,
		dat.fec_inicio_traslad as fechaInicioTraslado,
		cab.num_serie_cpe||'-'||cab.num_cpe as nroGRE,
		cab.num_serie_cpe as numSerieGRE,
		cab.num_cpe as numGRE,
		cab.cod_cpe as codCpe,
		
		CASE cab.cod_cpe
		WHEN '60' THEN cab.num_ruc
		WHEN '61' THEN cab.num_ruc
		WHEN '62' THEN ''
		WHEN '63' THEN ''
		ELSE ''
		END as rucRemitente,
		
		CASE cab.cod_cpe
		WHEN '60' THEN per.num_doc_ident
		WHEN '61' THEN per.num_doc_ident
		WHEN '62' THEN cab.num_ruc
		WHEN '63' THEN cab.num_ruc
		ELSE ''
		END as rucTransportista,
		
		dir.des_direccion as direccionLlegada,
		cab.des_nombre_recep as nombreDestinatario,
		cab.num_ruc as nroRuc,
		cab.cod_cpe tipoCPE,
		cab.num_id_xml as numidxml
		
		from T4241CABCPE cab
		
		inner join T4429DOCREL doc
				
		<isEqual property="cod_cpe" compareValue="60">
		   on doc.num_ruc=cab.num_ruc
		   and doc.cod_cpe= cab.cod_cpe
		   and doc.num_serie_cpe=cab.num_serie_cpe
		   and doc.num_cpe=cab.num_cpe
		   and doc.num_ruc_rel=  #num_ruc:CHAR#
		   and doc.cod_doc_rel=  #cod_cpe#
		   and doc.num_serie_doc_rel= #num_serie_cpe#
		   and doc.num_doc_rel= #num_doc_rel#      	
		   
		   and doc.cod_relacion=12		
		</isEqual>
		
		<isEqual property="cod_cpe" compareValue="62">
		   on doc.num_ruc=cab.num_ruc
		   and doc.cod_cpe= cab.cod_cpe
		   and doc.num_serie_cpe=cab.num_serie_cpe
		   and doc.num_cpe=cab.num_cpe
		   and doc.num_ruc_rel=  #num_ruc:CHAR#
		   and doc.cod_doc_rel=  #cod_cpe#
		   and doc.num_serie_doc_rel= #num_serie_cpe#
		   and doc.num_doc_rel= #num_doc_rel#      	
		   
		   and doc.cod_relacion=18	
		</isEqual>
		
		<isEqual property="cod_cpe" compareValue="61">   
		   on doc.num_ruc_rel=cab.num_ruc
		   and doc.cod_doc_rel= cab.cod_cpe
		   and doc.num_serie_doc_rel=cab.num_serie_cpe
		   and doc.num_doc_rel=cab.num_cpe
		   and doc.num_ruc=  #num_ruc:CHAR#
		   and doc.cod_cpe=  #cod_cpe#
		   and doc.num_serie_cpe=  #num_serie_cpe#
		   and doc.num_cpe= #num_doc_rel#    
		   
		   and doc.cod_relacion=12
		</isEqual>
		
		<isEqual property="cod_cpe" compareValue="63">   
		   on doc.num_ruc_rel=cab.num_ruc
		   and doc.cod_doc_rel= cab.cod_cpe
		   and doc.num_serie_doc_rel=cab.num_serie_cpe
		   and doc.num_doc_rel=cab.num_cpe
		   and doc.num_ruc=  #num_ruc:CHAR#
		   and doc.cod_cpe=  #cod_cpe#
		   and doc.num_serie_cpe=  #num_serie_cpe#
		   and doc.num_cpe= #num_doc_rel#    
		   
		   and doc.cod_relacion=18
		</isEqual>
		
		left join T5228DATCOMPLEME dat
		        on cab.num_ruc=dat.num_ruc
		        and cab.cod_cpe=dat.cod_cpe
		        and cab.num_serie_cpe=dat.num_serie_cpe
		        and cab.num_cpe=dat.num_cpe
		
		left join T5229DIRECCION dir
		        on cab.num_ruc=dir.num_ruc
		        and cab.cod_cpe=dir.cod_cpe
		        and cab.num_serie_cpe=dir.num_serie_cpe
		        and cab.num_cpe=dir.num_cpe
		        and dir.cod_tipo_direccion=2
		
		left outer join T5231PERSORELAC per
		        on cab.num_ruc=per.num_ruc
		        and cab.cod_cpe=per.cod_cpe
		        and cab.num_serie_cpe=per.num_serie_cpe
		        and cab.num_cpe=per.num_cpe
		        and per.cod_tipo_persona='1'
		        and per.cod_tip_doc_ident='6'			
			
	</select>	
	
	<select id="findByFiltroGreBf" parameterClass="T4241Bean" resultClass="T4241Bean">
		SELECT  num_ruc , cod_cpe, num_serie_cpe, num_cpe, cod_tipo_cpe, cod_docide_recep,  num_docide_recep, 
				des_nombre_recep, cod_moneda , des_observacion , ind_estado , ind_rechazo, mto_importe_total  , 
				num_id_xml , fec_emision ,	cod_est_anexo, cod_usumodif ,fec_modif
		FROM t4241cabcpe 
		WHERE  num_ruc = #num_ruc# AND cod_cpe = #cod_cpe# AND  num_serie_cpe = #num_serie_cpe# AND  num_cpe = #num_cpe#
				<dynamic>		
					<isNotNull prepend="AND" property="cod_docide_recep">	 
						cod_docide_recep = #cod_docide_recep# AND num_docide_recep = #num_docide_recep#
				 	</isNotNull> 
				</dynamic>
				AND date(fec_emision) = #fec_emision# ;
	</select>
	
</sqlMap>