<?xml version="1.0" encoding="UTF-8" ?>
<!DOCTYPE sqlMap PUBLIC "-//ibatis.apache.org//DTD SQL Map 2.0//EN"
"http://ibatis.apache.org/dtd/sql-map-2.dtd">

<sqlMap namespace="T4429">
	<typeAlias alias="T4429Bean" type="pe.gob.sunat.servicio2.registro.electronico.comppago.factura.model.domain.T4429Bean"/>

	<insert id="insert" parameterClass="T4429Bean" >    
			insert into T4429docrel(
			     num_ruc ,
			     cod_cpe ,
			     num_serie_cpe ,
			     num_cpe ,
			     num_ruc_rel ,
			     cod_doc_rel ,
			     num_serie_doc_rel ,
			     num_doc_rel ,
			     cod_relacion ,
			     cod_usumodif ,
			     fec_modif
			) values (#num_ruc# ,
			     #cod_cpe# ,
			     #num_serie_cpe# ,
			     #num_cpe# ,
			     #num_ruc_rel# ,
			     #cod_doc_rel# ,
			     #num_serie_doc_rel# ,
			     #num_doc_rel# ,
			     #cod_relacion# ,
			     #cod_usumodif# ,
			     #fec_modif#)
  </insert> 	
  
  <select id="findTotalBy_TipoDocRel_RUC_Factura" parameterClass="T4429Bean" resultClass="Integer">
    	SELECT count(*) as total
        from T4429docrel
        where T4429docrel.num_ruc = #num_ruc# 
          AND T4429docrel.cod_cpe = #cod_cpe#  
          AND T4429docrel.num_serie_doc_rel = #num_serie_doc_rel#
          AND T4429docrel.num_doc_rel = #num_doc_rel#
  </select>
  
  <select id="findTotalBy_TipoDocRel_RUC_Boleta" parameterClass="T4429Bean" resultClass="Integer">
    	SELECT count(*) as total
        from T4429docrel
        where T4429docrel.num_ruc = #num_ruc# 
          AND T4429docrel.cod_cpe = #cod_cpe#  
          AND T4429docrel.num_serie_doc_rel = #num_serie_doc_rel#
          AND T4429docrel.num_doc_rel = #num_doc_rel#
  </select>
     
  <select id="findDocsEmitidosPorFETipo_By_Ruc_CodCP_SerieNumDocrel" parameterClass="T4429Bean" resultClass="T4429Bean">
    	SELECT    num_ruc ,
			     cod_cpe ,
			     num_serie_cpe ,
			     num_cpe ,
			     num_ruc_rel ,
			     cod_doc_rel ,
			     num_serie_doc_rel ,
			     num_doc_rel ,
			     cod_relacion ,
			     cod_usumodif ,
			     fec_modif
        from T4429docrel
        where T4429docrel.num_ruc = #num_ruc# 
          AND T4429docrel.cod_cpe = #cod_cpe#  
          AND T4429docrel.num_serie_doc_rel = #num_serie_doc_rel#
          AND T4429docrel.num_doc_rel = #num_doc_rel#
  </select>
  
  <select id="findDocsEmitidosPorBVETipo_By_Ruc_CodCP_SerieNumDocrel" parameterClass="T4429Bean" resultClass="T4429Bean">
    	SELECT    num_ruc ,
			     cod_cpe ,
			     num_serie_cpe ,
			     num_cpe ,
			     num_ruc_rel ,
			     cod_doc_rel ,
			     num_serie_doc_rel ,
			     num_doc_rel ,
			     cod_relacion ,
			     cod_usumodif ,
			     fec_modif
        from T4429docrel
        where T4429docrel.num_ruc = #num_ruc# 
          AND T4429docrel.cod_cpe = #cod_cpe#  
          AND T4429docrel.num_serie_doc_rel = #num_serie_doc_rel#
          AND T4429docrel.num_doc_rel = #num_doc_rel#
  </select>
       
    <select id="findBy_RucTipoSerieNumeroRelacion" parameterClass="T4429Bean" resultClass="T4429Bean">
    	SELECT    num_ruc ,
			     cod_cpe ,
			     num_serie_cpe ,
			     num_cpe ,
			     num_ruc_rel ,
			     cod_doc_rel ,
			     num_serie_doc_rel ,
			     num_doc_rel ,
			     cod_relacion ,
			     cod_usumodif ,
			     fec_modif
        from T4429docrel
        where T4429docrel.num_ruc = #num_ruc# 
          AND T4429docrel.cod_cpe = #cod_cpe#  
          AND T4429docrel.num_serie_cpe = #num_serie_cpe#
          AND T4429docrel.num_cpe = #num_cpe#
          AND T4429docrel.cod_relacion= #cod_relacion#
  </select>
  
  <select id="findByRucTipDocSerieDocRelacion" parameterClass="T4429Bean" resultClass="T4429Bean">
  		SELECT num_ruc , cod_cpe , num_serie_cpe , num_cpe , num_ruc_rel , cod_doc_rel , num_serie_doc_rel ,
			     num_doc_rel , cod_relacion , cod_usumodif , fec_modif
        FROM T4429docrel
        WHERE num_ruc = #num_ruc# 
          AND cod_cpe = #cod_cpe#  
          AND num_serie_cpe = #num_serie_cpe#
          AND num_cpe = #num_cpe#
          AND cod_relacion= #cod_relacion#
          AND cod_doc_rel= #cod_doc_rel#
  </select>
  
</sqlMap>

