<?xml version="1.0" encoding="UTF-8" ?>
<!DOCTYPE sqlMap
PUBLIC "-//iBATIS.com//DTD SQL Map 2.0//EN"
"http://www.ibatis.com/dtd/sql-map-2.dtd">

<sqlMap namespace="detResumen"   >   

<!-- 



create table TXXX_DET_RES_BOL  (
  NUM_RUC              CHAR(8)                         not null,
  NUM_TICKET           INTEGER                         not null,
  NUM_CORREL_TICKET    INTEGER                         not null,
  FEC_EMISION          DATE                            not null,
  NUM_SERIE            CHAR(4),
  COD_TIPCOMP          char(1),
  NUM_DESDE            INTEGER,
  NUM_HASTA            INTEGER,
  IND_ESTADO       CHAR(1),
  MTO_IMPORTE_TOTAL    DECIMAL,
  MTO_GRAVADO_IGV      DECIMAL,
  MTO_EXONERADO_IGV    DECIMAL,
  MTO_INAFECTO_IGV     DECIMAL,
  MTO_EXPORTACIONES    DECIMAL,
  MTO_TOTAL_CARGOS     DECIMAL,
  MTO_TOTAL_DESC   DECIMAL,
  MTO_PAGAR_IGV        DECIMAL,
  MTO_PAGAR_ISC        DECIMAL,
  MTO_PAGAR_OTROS      DECIMAL,
  COD_USERMODIF        VARCHAR(20),
  FEC_MODIF            DATETIME YEAR TO SECOND,
primary key (NUM_RUC, NUM_TICKET, NUM_CORREL_TICKET)
      constraint PK_TXXX_DET_RES_BO
);



create table T4704DETRESBOL  (
  NUM_TICKET           CHAR(15)                        not null,
  NUM_LINEA            INTEGER                         not null,
  NUM_RUC              CHAR(11)                        not null,
  COD_CPE              CHAR(2)                         not null,
  NUM_SERIE_CPE        VARCHAR(20)                     not null,
  NUM_DESDE            INTEGER                         not null,
  NUM_HASTA            INTEGER                         not null,
  FEC_EMISION          DATE                            not null,
  IND_ESTADO           CHAR(1)                         not null,
  MTO_IMPORTE_TOTAL    DECIMAL(15,2)                   not null,
  MTO_GRAVADO_IGV      DECIMAL(15,2)                   not null,
  MTO_EXONERADO_IGV    DECIMAL(15,2)                   not null,
  MTO_INAFECTO_IGV     DECIMAL(15,2)                   not null,
  MTO_EXPORTACIONES    DECIMAL(15,2)                   not null,
  MTO_TOTAL_CARGOS     DECIMAL(15,2)                   not null,
  MTO_TOTAL_IGV        DECIMAL(15,2)                   not null,
  MTO_TOTAL_ISC        DECIMAL(15,2)                   not null,
  MTO_TOTAL_OTROS      DECIMAL(15,2)                   not null,
  COD_USUMODIF         VARCHAR(20)                     not null,
  FEC_MODIF            DATETIME YEAR TO SECOND         not null
);
 -->		
	<typeAlias alias="detresumen" type="pe.gob.sunat.servicio2.registro.electronico.comppago.factura.model.domain.T4704Bean"  />	
						
	<insert id="registraDetResumen" 
			parameterClass="detresumen" >
	
	  INSERT into T4704DETRESBOL values(  																				
										#num_ticket#,
										#num_linea#,
										#num_ruc#,
										#cod_cpe#,										
										#num_serie_cpe#,										
										#num_desde#, 
										#num_hasta#, 
										#fec_emision#, 
										#ind_estado#,
										#mto_importe_total#, 
										#mto_gravado_igv#, 
										#mto_exonerado_igv#, 
										#mto_inafecto_igv#, 
										#mto_exportaciones#, 
										#mto_total_cargos#, 
										#mto_total_igv#, 
										#mto_total_isc#, 
										#mto_total_otros#, 
										#cod_usumodif#, 
										#fec_modif#
									 )	
	</insert>
  <parameterMap id="pmByRucFechaActivoDet" class="java.util.Map">
	<parameter property="ruc"/>
	<parameter property="femision"/>
  </parameterMap>   
  	
  	<select id="findByFiltro" parameterClass="detresumen" resultClass="detresumen">
		SELECT  num_ruc, fec_emision, num_serie_cpe, cod_cpe,
				num_desde, num_hasta, ind_estado, mto_importe_total
		FROM t4704detresbol 
		WHERE  num_ruc = #num_ruc# 
				AND cod_cpe = #cod_cpe#
				AND num_serie_cpe = #num_serie_cpe# 
				AND num_desde 	 <![CDATA[ <= ]]> #num_desde# AND num_hasta  <![CDATA[ >= ]]> #num_hasta# 
				AND fec_emision = #fec_emision# 
				AND ind_estado = #ind_estado#  ;
	</select>
   
   <select id="findByRucFechaActivoDet" parameterMap="pmByRucFechaActivoDet" resultClass="detresumen">
		SELECT 		     
		     num_ticket AS num_ticket,
			 num_linea AS num_linea,
			 num_ruc AS num_ruc,
			 cod_cpe AS  cod_cpe,
			 num_serie_cpe AS num_serie_cpe ,			 
			 num_desde AS num_desde,
			 num_hasta AS num_hasta,			 			 
			 fec_emision AS fec_emision,
			 ind_estado AS ind_estado,
			 mto_importe_total AS mto_importe_total,
			 mto_gravado_igv AS mto_gravado_igv,
			 mto_exonerado_igv AS mto_exonerado_igv,
			 mto_inafecto_igv AS mto_inafecto_igv,
			 mto_exportaciones AS mto_exportaciones,
			 mto_total_cargos AS mto_total_cargos,
			 mto_total_igv AS mto_total_igv,
			 mto_total_isc AS mto_total_isc,
			 mto_total_otros AS mto_total_otros,
			 cod_usumodif AS cod_usumodif,
			 fec_modif AS fec_modif
			 
			 			  
		FROM T4704DETRESBOL 
		WHERE num_ruc  = ?  AND 
		fec_emision  = ?   AND
		ind_estado ='0'	
		order  by  num_serie_cpe, cod_cpe,  num_ruc, num_desde 
	</select>	
	
	<update id = "eliminaLogicoDetResumen"  parameterClass="detresumen">
				UPDATE T4704DETRESBOL SET 					 
					 ind_estado ='1'
				WHERE
					num_ruc = #num_ruc#  AND
					fec_emision = #fec_emision# AND
					ind_estado ='0'					
	</update>

	
	
	
	
	<parameterMap id="pmByRucDocEspecifico" class="java.util.Map">
	<parameter property="ruc"/>
	<parameter property="codcpe"/>
	<parameter property="seriecpe"/>
	<parameter property="desde"/>
	<parameter property="hasta"/>
  </parameterMap>   
  
 
   <select id="findByRucDocEspecifico" parameterMap="pmByRucDocEspecifico" resultClass="detresumen">
		
			 <![CDATA[	 
			 SELECT 		     
		     num_ticket AS num_ticket,
			 num_linea AS num_linea,
			 num_ruc AS num_ruc,
			 cod_cpe AS  cod_cpe,
			 num_serie_cpe AS num_serie_cpe ,			 
			 num_desde AS num_desde,
			 num_hasta AS num_hasta,			 			 
			 fec_emision AS fec_emision,
			 ind_estado AS ind_estado,
			 mto_importe_total AS mto_importe_total,
			 mto_gravado_igv AS mto_gravado_igv,
			 mto_exonerado_igv AS mto_exonerado_igv,
			 mto_inafecto_igv AS mto_inafecto_igv,
			 mto_exportaciones AS mto_exportaciones,
			 mto_total_cargos AS mto_total_cargos,
			 mto_total_igv AS mto_total_igv,
			 mto_total_isc AS mto_total_isc,
			 mto_total_otros AS mto_total_otros,
			 cod_usumodif AS cod_usumodif,
			 fec_modif AS fec_modif
			 
			 			  
		FROM T4704DETRESBOL 
		WHERE  num_ruc  = ? 
		AND  cod_cpe =    ?
		AND  num_serie_cpe= ? 		
		AND  num_desde <= ? 
		AND  num_hasta  >= ? 
		AND  ind_estado = '0'
		
	
		
			]]>
	</select>	
	
	 
	
	

</sqlMap>

