<?xml version="1.0" encoding="UTF-8" ?>
<!DOCTYPE sqlMap
PUBLIC "-//iBATIS.com//DTD SQL Map 2.0//EN"
"http://www.ibatis.com/dtd/sql-map-2.dtd">

<sqlMap namespace="rangosGem">

    <typeAlias alias="rangosgem" type="pe.gob.sunat.servicio2.registro.electronico.comppago.consulta.model.domain.T4705Bean" />   

     
    <parameterMap id="pmByRucDocEspecifico" class="java.util.Map">
        <parameter property="ruc" />
        <parameter property="codcpe" />
        <parameter property="seriecpe" /> 
    </parameterMap>
     
    <!-- PAS20211U210700039 busca por PK ruc-tipo-serie-nro -->
    <select id="findByPKRangos" parameterMap="pmByRucDocEspecifico"
        resultClass="rangosgem">
        
         <![CDATA[
		SELECT             
             num_ruc AS num_ruc,
             cod_cpe AS  cod_cpe,
             num_serie_cpe AS num_serie_cpe ,
             num_correlativo AS num_correlativo,             
             num_desde AS num_desde,
             num_hasta AS num_hasta,                          
             cod_usumodif AS cod_usumodif,
             fec_modif AS fec_modif                           
		FROM T4705RANGOSGEM 
		WHERE  num_ruc  = ? 
		AND  cod_cpe =    ?
		AND  num_serie_cpe= ?
		ORDER BY num_correlativo ASC
        ]]>
    </select>
    <!-- FIN PAS20211U210700039 -->


</sqlMap>

