<?xml version="1.0" encoding="UTF-8" ?>
<!DOCTYPE sqlMap PUBLIC "-//ibatis.apache.org//DTD SQL Map 2.0//EN"
"http://ibatis.apache.org/dtd/sql-map-2.dtd">

<sqlMap namespace="T3639">
	<typeAlias alias="T3639Bean" type="pe.gob.sunat.servicio2.registro.electronico.comppago.model.domain.T3639Bean"/>
	
	<select id="findByFiltro" parameterClass="T3639Bean" resultClass="T3639Bean">
		SELECT  num_ruc,num_serie,cod_tipcomp,num_comprob,cod_docide,num_docide,nom_usuario_serv,dir_domfis_emi,
				des_motivo_rec,des_motivo2_rec, des_observ_rec, des_observ2_rec, ind_actividad, ind_gratuito,fec_registro,
				fec_emision_rec,dir_correoelec,cod_retencion,mto_bruto,mto_retencion,mto_neto,mto_pag_bruto,mto_pag_ret,
				mto_pag_neto,mto_nc_bruto,mto_nc_ret,mto_nc_neto,mto_extorno,ind_renta,ind_estado_rec,ind_pago,ind_ncredito,
				cod_moneda,ann_registro,num_indice,num_archivo  
		FROM t3639recibo  
		WHERE  num_ruc = #num_ruc# AND num_serie = #num_serie# AND num_comprob = #num_comprob#  
		<dynamic>		
			<isNotNull prepend="AND" property="cod_docide">		
				num_docide = #num_docide# AND cod_docide = #cod_docide#
			</isNotNull> 
		</dynamic>		
		AND fec_emision_rec = #fec_emision_rec# 
		AND mto_bruto = #mto_bruto#  ;
	</select>
	
	<parameterMap id="pmByPrimaryKey" class="java.util.Map">
		<parameter property="num_ruc"/>		
		<parameter property="num_serie"/>
		<parameter property="cod_tipcomp"/>
		<parameter property="num_comprob"/>	
	</parameterMap>  
	
	<select id="findByPk" parameterMap="pmByPrimaryKey" resultClass="T3639Bean">
		SELECT  num_ruc,num_serie,cod_tipcomp,num_comprob,cod_docide,num_docide,nom_usuario_serv,dir_domfis_emi,
				des_motivo_rec,des_motivo2_rec, des_observ_rec, des_observ2_rec, ind_actividad, ind_gratuito,fec_registro,
				fec_emision_rec,dir_correoelec,cod_retencion,mto_bruto,mto_retencion,mto_neto,mto_pag_bruto,mto_pag_ret,
				mto_pag_neto,mto_nc_bruto,mto_nc_ret,mto_nc_neto,mto_extorno,ind_renta,ind_estado_rec,ind_pago,ind_ncredito,
				cod_moneda,ann_registro,num_indice,num_archivo  
		FROM t3639recibo  
		WHERE  num_ruc = ? 
		AND num_serie = ? 
		AND cod_tipcomp = ? 
		AND num_comprob = ?  ;
	</select>

</sqlMap>