<?xml version="1.0" encoding="UTF-8"?>
<beans xmlns="http://www.springframework.org/schema/beans"
	xmlns:xsi="http://www.w3.org/2001/XMLSchema-instance" xmlns:context="http://www.springframework.org/schema/context"
	xmlns:p="http://www.springframework.org/schema/p"
	xsi:schemaLocation="http://www.springframework.org/schema/beans http://www.springframework.org/schema/beans/spring-beans-2.5.xsd
		http://www.springframework.org/schema/context http://www.springframework.org/schema/context/spring-context-2.5.xsd">

	<import resource="itconsvalicpe-service.xml"/>
	<import resource="itconsvalicpe-jasperview.xml"/>

	<bean id="ConsultaValidezCPEController"
		class="pe.gob.sunat.servicio2.registro.electronico.comppago.consulta.web.controller.ConsultaValidezCPEController">
		<property name="methodNameResolver">
			<bean
				class="org.springframework.web.servlet.mvc.multiaction.ParameterMethodNameResolver">
				<property name="paramName" value="accion"></property>
				<property name="defaultMethodName" value="mostrarForm"></property>
			</bean>
		</property>
		<!--property name="jsonView" ref="jsonView"></property-->		
		<property name="downloadView" value="downloadView"/>
		<property name="validaCPEService" ref="ValidaCPEService"></property>		
		<property name="validaCPCService" ref="ValidaCPCService"></property>
	</bean>

	<bean id="multipartResolver" class="org.springframework.web.multipart.commons.CommonsMultipartResolver">	
	</bean>

	<bean id="urlHandlerMapping"
		class="org.springframework.web.servlet.handler.SimpleUrlHandlerMapping">
<!--		<property name="interceptors">-->
<!--			<list>-->
<!--				<ref bean="menuInternetInterceptor" />				-->
<!--			</list>-->
<!--		</property>-->
		<property name="mappings">
			<value>
				/ConsValiCpe.htm=ConsultaValidezCPEController
            </value>
		</property>
	</bean>


	  


	<bean id="viewResolver"
		class="org.springframework.web.servlet.view.InternalResourceViewResolver"
		p:viewClass="org.springframework.web.servlet.view.JstlView" p:prefix="/WEB-INF/jsp/"
		p:suffix=".jsp">
	</bean>
	
	<bean id="xmlViewResolver" class="org.springframework.web.servlet.view.XmlViewResolver">
		<property name="order" value="0" />
    	<property name="location" value="/WEB-INF/itconsvalicpe-jasperview.xml"/>
	</bean>	
	
	<bean id="menuInternetInterceptor"
		class="pe.gob.sunat.tecnologia.menu.sso.web.controller.MenuInternetInterceptor">
		<property name="testingFile" ref="autenticaTestConfig" />
	</bean>
	
	<bean
		class="org.springframework.web.servlet.handler.SimpleMappingExceptionResolver">
		<property name="exceptionAttribute" value="beanErr"></property>
		<property name="defaultErrorView" value="error"></property>
	</bean>	
	
	<bean name="downloadView" class="pe.gob.sunat.framework.spring.web.view.DownloadView"/>

</beans>
