<?xml version="1.0" encoding="UTF-8"?>
<beans xmlns="http://www.springframework.org/schema/beans"
	xmlns:xsi="http://www.w3.org/2001/XMLSchema-instance" xmlns:tx="http://www.springframework.org/schema/tx"
	xsi:schemaLocation="http://www.springframework.org/schema/beans http://www.springframework.org/schema/beans/spring-beans-2.5.xsd
		http://www.springframework.org/schema/tx http://www.springframework.org/schema/tx/spring-tx-2.5.xsd">
	<import resource="itconsvalicpe-data.xml"/>
	<bean id="ValidaCPEService"
		class="pe.gob.sunat.servicio2.registro.electronico.comppago.consulta.service.ValidaCoprobanteElectronicoServiceImpl">		       
		<property name="constantes" ref="constantes"></property>
		<property name="t3639DAO" ref="t3639DAO"></property>
		<property name="t3634DAO" ref="t3634DAO"></property>
		<property name="t4241DAO" ref="t4241DAO"></property>
		<property name="t10194DAO" ref="t10194DAO"></property>
		<property name="t4541DAO" ref="t4541DAO"></property>
		<property name="t4704DAO" ref="t4704DAO"></property>						
		<property name="t4283DAO" ref="t4283DAO"></property>		
		<property name="t4703DAO" ref="t4703DAO"></property>
		
		<property name="t6573DAO" ref="t6573DAO"></property>
		<property name="t6571DAO" ref="t6571DAO"></property>
		
		<property name="archivoServiceBVE" ref="archivoServiceBVE"/>
		<property name="t4243DAO" ref="t4243DAO"/>	
		
		<!-- Ini PAS20175E210300094 -->
		<property name="t1331DAO" ref="t1331DAO"></property>
		<property name="t6235DAO" ref="t6235DAO"></property>

		<property name="t01DAO" ref="t01DAO"></property>
		<property name="ddpDAO" ref="ddpDAO"></property>
		<!-- Fin PAS20175E210300094 -->
					
		<property name="t8249DAO" ref="t8249DAO"></property>
		<!-- Inicio - PAS20201U210100038 -->
		<property name="t10204DAO" ref="t10204DAO"></property>
		<property name="t10209DAO" ref="t10209DAO"></property>
		<!-- Fin - PAS20201U210100038 -->
		
		<!-- INICIO PAS20221U210700022 -->
		<property name="t4705dao" ref="t4705dao"></property>
		<!-- FIN PAS20221U210700022 -->
		
		
	</bean>

	
	<bean id="ValidaCPCService"
		class="pe.gob.sunat.servicio2.registro.electronico.comppago.consulta.service.ValidaComprobanteContingenciaServiceImpl">		       
		<property name="t5676DAO" ref="t5676DAO"></property>
	</bean>
	<bean id="constantes" class="org.springframework.beans.factory.config.PropertiesFactoryBean">
		<property name="location" value="classpath:constantes.properties"></property>
	</bean>
	
	<bean id="autenticaTestConfig" class="org.springframework.beans.factory.config.PropertiesFactoryBean">
		<property name="location" value="classpath:autenticaTest.properties"></property>
  	</bean>

	<bean
		class="org.springframework.beans.factory.config.MethodInvokingFactoryBean">
		<property name="targetClass" value="org.springframework.util.Log4jConfigurer" />
		<property name="targetMethod" value="initLogging" />
		<property name="arguments">
			<list>
				<value>/logs/apps/config/contribuyente2-cpe-consulta.config</value>
				<value>10000</value>
			</list>
		</property>
	</bean>
	
	
	
	
<bean id="archivoServiceBVE" class="pe.gob.sunat.servicio2.registro.electronico.comppago.boleta.service.ProcesaArchivoComprobanteServiceImpl">
		<property name="directorioTemporal" value="/data0/see/emision/boleta/files"/>
		<property name="directorioTemplate" value="/data0/see/emision/boleta/templates"/>
		<property name="directorioResources" value="/data0/see/emision/boleta/resources"/>
		<property name="directorioSchemas" value="/data0/see/emision/boleta/resources/maindoc"/>
		
		<property name="directorioTemporalBoleta" value="/data0/see/emision/boleta/files"/>
		<property name="directorioTemplateBoleta" value="/data0/see/emision/boleta/templates"/>
		<property name="directorioResourcesBoleta" value="/data0/see/emision/boleta/resources"/>
		<property name="directorioSchemasBoleta" value="/data0/see/emision/boleta/resources/maindoc"/>
		
		<property name="directorioTemporalNC" value="/data0/see/emision/notacredito/files"/>
		<property name="directorioTemplateNC" value="/data0/see/emision/notacredito/templates"/>
		<property name="directorioResourcesNC" value="/data0/see/emision/notacredito/resources"/>
		<property name="directorioSchemasNC" value="/data0/see/emision/notacredito/resources/maindoc"/>
		
		<property name="directorioTemporalND" value="/data0/see/emision/notadebito/files"/>
		<property name="directorioTemplateND" value="/data0/see/emision/notadebito/templates"/>
		<property name="directorioResourcesND" value="/data0/see/emision/notadebito/resources"/>
		<property name="directorioSchemasND" value="/data0/see/emision/notadebito/resources/maindoc"/>
		
		<property name="certificacionDigitalService" ref="certificacionDigital"/>
	</bean>
	
	
	<bean id="certificacionDigital" class="pe.gob.sunat.framework.spring.security.service.DigitalCertificateServiceImpl">
		<property name="signAndValid" ref="xmlSignAndValid"/>
	</bean>
	
	
	<bean id="xmlSignAndValid" class="pe.gob.sunat.framework.spring.security.util.XmlX509DataSignAndValid">
		<property name="storage" value=""/>
		<property name="storagePassword" value=""/>
		<property name="certAlias" value=""/>
		<property name="certPassword" value=""/>
	</bean>	
</beans>
