<?xml version="1.0" encoding="UTF-8"?>
<beans xmlns="http://www.springframework.org/schema/beans"
	xmlns:xsi="http://www.w3.org/2001/XMLSchema-instance" xmlns:context="http://www.springframework.org/schema/context"
	xmlns:jee="http://www.springframework.org/schema/jee"
	xsi:schemaLocation="http://www.springframework.org/schema/beans http://www.springframework.org/schema/beans/spring-beans-2.5.xsd http://www.springframework.org/schema/context http://www.springframework.org/schema/context/spring-context-2.5.xsd http://www.springframework.org/schema/jee http://www.springframework.org/schema/jee/spring-jee-2.5.xsd ">

	<!-- Dao para generar secuenciales -->
	<import resource="classpath:framework-data.xml" />
	
	<jee:jndi-lookup id="dgrecauda0j" jndi-name="jdbc/dgrecauda0j" resource-ref="true" cache="true"></jee:jndi-lookup>
	<jee:jndi-lookup id="dgcpele" jndi-name="jdbc/dgcpele" resource-ref="true" cache="true"></jee:jndi-lookup>

	<bean id="sqlMapClientCpele" class="org.springframework.orm.ibatis.SqlMapClientFactoryBean">
		<property name="configLocation" value="/WEB-INF/sql-map-config-cpele.xml" />
		<property name="dataSource" ref="dgcpele" />
	</bean>
	
	<bean id="t3639DAO"
		class="pe.gob.sunat.servicio2.registro.electronico.comppago.model.dao.ibatis.SqlMapT3639DAOImpl">
		<property name="sqlMapClient" ref="sqlMapClientCpele"></property>
	</bean>
	
	<bean id="t3634DAO"
		class="pe.gob.sunat.servicio2.registro.electronico.comppago.model.dao.ibatis.SqlMapT3634DAOImpl">
		<property name="sqlMapClient" ref="sqlMapClientCpele"></property>
	</bean>
	
	<bean id="t4241DAO"
		class="pe.gob.sunat.servicio2.registro.electronico.comppago.factura.model.dao.ibatis.SqlMapT4241DAOImpl">
		<property name="sqlMapClient" ref="sqlMapClientCpele"></property>
	</bean>
        
	<bean id="t10194DAO"
		class="pe.gob.sunat.servicio2.registro.electronico.comppago.factura.model.dao.ibatis.SqlMapT10194DAOImpl">
		<property name="sqlMapClient" ref="sqlMapClientCpele"></property>
	</bean>
	
	<bean id="t4541DAO"
		class="pe.gob.sunat.servicio2.registro.electronico.comppago.factura.model.dao.ibatis.SqlMapT4541DAOImpl">
		<property name="sqlMapClient" ref="sqlMapClientCpele"></property>
	</bean>
		
	<bean id="t4283DAO"
		class="pe.gob.sunat.servicio2.registro.electronico.comppago.factura.model.dao.ibatis.SqlMapT4283DAOImpl">
		<property name="sqlMapClient" ref="sqlMapClientCpele"></property>
	</bean>
	
	<bean id="t4703DAO"
		class="pe.gob.sunat.servicio2.registro.electronico.comppago.factura.model.dao.ibatis.SqlMapT4703DAOImpl">
		<property name="sqlMapClient" ref="sqlMapClientCpele"></property>
	</bean>
	
	<bean id="t4704DAO" class="pe.gob.sunat.servicio2.registro.electronico.comppago.factura.model.dao.ibatis.SqlMapT4704DAOImpl">
		<property name="sqlMapClient" ref="sqlMapClientCpele"></property>
	</bean>

	<bean id="t5676DAO" class="pe.gob.sunat.servicio2.registro.comppago.factura.gem.contingencia.model.dao.ibatis.SqlMapT5676DAOImpl">
		<property name="sqlMapClient" ref="sqlMapClientCpele"></property>
	</bean>
	

	<bean id="t4243DAO" class="pe.gob.sunat.servicio2.registro.electronico.comppago.factura.model.dao.ibatis.SqlMapT4243DAOImpl">
		<property name="sqlMapClient" ref="sqlMapClientCpele"></property>
	</bean>
	
	<bean id="t6573DAO" class="pe.gob.sunat.servicio2.registro.electronico.comppago.retencion.model.dao.ibatis.SqlMapRetencionDAO">
		<property name="sqlMapClient" ref="sqlMapClientCpele"></property>
	</bean>


	<bean id="t6571DAO" class="pe.gob.sunat.servicio2.registro.electronico.comppago.percepcion.model.dao.ibatis.SqlMapPercepcionDAO">
		<property name="sqlMapClient" ref="sqlMapClientCpele"></property>
	</bean>
	

	<!-- Ini PAS20175E210300094 -->
	<bean id="t1331DAO"
		class="pe.gob.sunat.servicio2.registro.model.dao.ibatis.SqlMapT1331DAOImpl">
		<property name="sqlMapClient" ref="sqlMapClientCpele"></property>
	</bean>
	
	<bean id="t6235DAO"
		class="pe.gob.sunat.servicio2.registro.electronico.comppago.factura.model.dao.ibatis.SqlMapT6235DAOImpl">
		<property name="sqlMapClient" ref="sqlMapClientCpele"></property>
	</bean>
	
	<bean id="t01DAO"
		class="pe.gob.sunat.servicio2.registro.model.dao.ibatis.SqlMapT01DAOImpl">
		<property name="sqlMapClient" ref="sqlMapClientCpele"></property>
	</bean>
	
	<bean id="ddpDAO"
		class="pe.gob.sunat.servicio2.registro.model.dao.ibatis.SqlMapDdpDAOImpl">
		<property name="sqlMapClient" ref="sqlMapClientCpele"></property>
	</bean>
	<!-- Fin PAS20175E210300094 -->

	<bean id="t8249DAO"
		class="pe.gob.sunat.servicio2.registro.electronico.comppago.factura.model.dao.ibatis.SqlMapT8249DAOImpl">
		<property name="sqlMapClient" ref="sqlMapClientCpele"></property>
	</bean>
	
	<!-- Inicio - PAS20201U210100038 -->
	<bean id="t10204DAO" class="pe.gob.sunat.servicio2.registro.electronico.comppago.factura.model.dao.ibatis.SqlMapT10204DAOImpl">
		<property name="sqlMapClient" ref="sqlMapClientCpele"></property>
	</bean>
	
	<bean id="t10209DAO" class="pe.gob.sunat.servicio2.registro.electronico.comppago.factura.model.dao.ibatis.SqlMapT10209DAOImpl">
		<property name="sqlMapClient" ref="sqlMapClientCpele"></property>
	</bean>
	<!-- Fin - PAS20201U210100038 -->
	
	<!-- PAS20221U210700022 - Inicio -->
	<bean id="t4705dao" class="pe.gob.sunat.servicio2.registro.electronico.comppago.consulta.model.dao.ibatis.SqlMapT4705DAOImpl">
		<property name="sqlMapClient" ref="sqlMapClientCpele"></property>
	</bean>	
	<!-- PAS20221U210700022 Fin -->
	
</beans>
