<?xml version="1.0" encoding="UTF-8" ?>
<!DOCTYPE sqlMapConfig PUBLIC "-//iBATIS.com//DTD SQL Map Config 2.0//EN" "http://www.ibatis.com/dtd/sql-map-config-2.dtd">
<sqlMapConfig>
	<settings cacheModelsEnabled="true" 
			  useStatementNamespaces="true"
              maxSessions="64"
	          maxTransactions="8"
              maxRequests="128"/>

			  
	<typeHandler callback="pe.gob.sunat.framework.spring.util.dao.ibatis.FechaTypeHandler"
				 javaType="pe.gob.sunat.framework.spring.util.date.FechaBean"/>
				 
   	<sqlMap resource="pe/gob/sunat/servicio2/registro/electronico/comppago/model/dao/ibatis/maps/T3639.xml"/>
   	<sqlMap resource="pe/gob/sunat/servicio2/registro/electronico/comppago/model/dao/ibatis/maps/T3634.xml"/>
   	<sqlMap resource="pe/gob/sunat/servicio2/registro/electronico/comppago/factura/model/dao/ibatis/maps/T4241.xml"/>
   	<sqlMap resource="pe/gob/sunat/servicio2/registro/electronico/comppago/factura/model/dao/ibatis/maps/T10194.xml"/>
   	<sqlMap resource="pe/gob/sunat/servicio2/registro/electronico/comppago/factura/model/dao/ibatis/maps/T4541.xml"/>
   	<sqlMap resource="pe/gob/sunat/servicio2/registro/electronico/comppago/factura/model/dao/ibatis/maps/T4703.xml"/>
   	<sqlMap resource="pe/gob/sunat/servicio2/registro/electronico/comppago/factura/model/dao/ibatis/maps/T4704.xml"/>
   	<sqlMap resource="pe/gob/sunat/servicio2/registro/electronico/comppago/factura/model/dao/ibatis/maps/T4283.xml"/>
   	<sqlMap resource="pe/gob/sunat/servicio2/registro/comppago/factura/gem/contingencia/model/dao/ibatis/maps/T5676.xml"/>   	
   	<sqlMap resource="pe/gob/sunat/servicio2/registro/electronico/comppago/factura/model/dao/ibatis/maps/T4243.xml"/>
   	

   	<sqlMap resource="pe/gob/sunat/servicio2/registro/electronico/comppago/percepcion/model/dao/ibatis/maps/t6571Percepcion.xml"/>
   	<sqlMap resource="pe/gob/sunat/servicio2/registro/electronico/comppago/retencion/model/dao/ibatis/maps/t6573Retencion.xml"/>

   	<!-- Ini PAS20175E210300094 -->
   	<sqlMap resource="pe/gob/sunat/servicio2/registro/model/dao/ibatis/maps/T1331.xml"/>
   	<sqlMap resource="pe/gob/sunat/servicio2/registro/electronico/comppago/factura/model/dao/ibatis/maps/T6235.xml"/>
   	
   	<sqlMap resource="pe/gob/sunat/servicio2/registro/model/dao/ibatis/maps/Ddp.xml"/>
   	<sqlMap resource="pe/gob/sunat/servicio2/registro/model/dao/ibatis/maps/T01.xml"/>
   	<!-- Fin PAS20175E210300094 -->
   	
   	<sqlMap resource="pe/gob/sunat/servicio2/registro/electronico/comppago/factura/model/dao/ibatis/maps/T8249.xml"/>
   	
   	<!-- Inicio - PAS20201U210100038 -->
   	<sqlMap resource="pe/gob/sunat/servicio2/registro/electronico/comppago/factura/model/dao/ibatis/maps/T10204.xml"/>
   	<sqlMap resource="pe/gob/sunat/servicio2/registro/electronico/comppago/factura/model/dao/ibatis/maps/T10209.xml"/>
   	<!-- Fin - PAS20201U210100038 -->
   	
   	<!-- PAS20221U210700022 - Inicio -->
	<sqlMap resource="pe/gob/sunat/servicio2/registro/electronico/comppago/consulta/model/dao/ibatis/maps/T4705.xml"/>	
	<!-- PAS20221U210700022 Fin -->
   	
 </sqlMapConfig>