{
    "numeroRuc": "20523621212",
    "razonSocial": "LINEA AMARILLA S.A.C.",
    "serieComprobante": "F453-435270",
    "nombreCalle": "Av. Jorge Basadre 592, 7mo Piso Torre Azul",
    "nombreUrbanizacion": "",
    "nombreDistrito": "San Isidro",
    "nombreProvincia": "Lima",
    "nombreDepartamento": "Lima",
    "codigoPais": "PE",
    "direccionCompleta": "Av. Jorge Basadre 592, 7mo Piso Torre Azul, , San Isidro, Lima, Lima, PE",
    "codigoMoneda": "PEN",
    "simboloMoneda": "S/.",
    "fechaEmision": "2016-02-09",
    "tipoDocumentoCliente": "6",
    "desTipoDocumentoCliente": "RUC",
    "numeroDocumentoCliente": "20549638741",
    "nombreCliente": "R & L AGRO BUSINESS S.A.C",
    "montoTotalGeneral": 4.5,
    "totalDescuentos": 0,
    "totalISC": 0,
    "totalIGV": 0.69,
    "totalOtrosCargos": 0,
    "totalOtrosTributos": 0,
    "totalValorVenta": 3.81,
    "totalValorVentaNoGravado": 0,
    "totalValorVentaExonerado": 0,
    "leyenda": [],
    "igvPorcentaje": 0,
    "countUnidadMedidaItem": 1,
    "countCodigoItem": 0,
    "descripcionVentaGratuita": "20523621212-01-F453-00435270-201600234407345.ZIP",
    "detalleComprobanteBean": [
        {
            "descripcion": "Cat: 1",
            "unidadMedida": "CS",
            "cantidad": "1.00",
            "precioUnitario": "4.50",
            "igvMonto": "0.69",
            "codigoItem": "",
            "unidadMedidaDesc": "CS",
            "valorVtaUnitario": "3.81",
            "totalVentaPorItem": "3.81"
        }
    ],
    "documentoRelacionadoBean": [],
    "versionXML": 0
}