<?xml version="1.0" encoding="UTF-8"?>
<!DOCTYPE application PUBLIC '-//Sun Microsystems, Inc.//DTD J2EE Application 1.3//EN' 'http://java.sun.com/dtd/application_1_3.dtd'>

<application>
	<display-name>servicio2-registro-electronico-compago-consulta</display-name>
	<description>Consultas comprobantes electronicos GEM</description>

	<module>
		<web>
			<web-uri>iaconscpemypenologin.war</web-uri>
			<context-root>/ol-ti-iaconscpemypenlog</context-root>
		</web>
	</module>
	<module>
		<web>
			<web-uri>iaconscpegemnologin.war</web-uri>
			<context-root>/ol-ti-iaconscpegemnlog</context-root>
		</web>
	</module>
	
	<module>
		<web>
			<web-uri>itconscpegem.war</web-uri>
			<context-root>/ol-ti-itconscpegem</context-root>
		</web>
	</module>
	<!--En reemplazo del app cl-ti-itconsultarfesee -->
	<module>
		<web>
			<web-uri>itconscpemype.war</web-uri>
			<context-root>/ol-ti-itconscpemype</context-root>
		</web>
	</module>	
	<module>
		<web>
			<web-uri>itconscpemypebve.war</web-uri>
			<context-root>/ol-ti-itconscpemypebve</context-root>
		</web>
	</module>
	<!-- En reemplazo de ol-ti-itreciboelectronico -->
	<module>
		<web>
			<web-uri>itconsvalicpe.war</web-uri>
			<context-root>/ol-ti-itconsvalicpe</context-root>
		</web>
	</module>
	<!-- En reemplazo de ol-ti-itreciboelectronicovalarch -->
	<module>
		<web>
			<web-uri>itconsverixml.war</web-uri>
			<context-root>/ol-ti-itconsverixml</context-root>
		</web>
	</module>

	<module>
		<web>
			<web-uri>iaconscpegem.war</web-uri>
			<context-root>/ol-ti-iaconscpegem</context-root>
		</web>
	</module>

	<!-- Antes consulta facturas MYPE cl-ti-iaconsultarfesee -->
	<module>
		<web>
			<web-uri>iaconscpemype.war</web-uri>
			<context-root>/ol-ti-iaconscpemype</context-root>
		</web>
	</module>
	<module>
		<web>
			<web-uri>iaconscpemypebve.war</web-uri>
			<context-root>/ol-ti-iaconscpemypebve</context-root>
		</web>
	</module>
	<!-- Consulta webservices -->
	<!-- contribuyente2-cpe-consulta-ws.ear
	<module>
		<web>
			<web-uri>itwsconscpegem.war</web-uri>
			<context-root>/ol-it-wsconscpegem</context-root>
		</web>
	</module>
	<module>
		<web>
			<web-uri>itwsconsvalidcpe.war</web-uri>
			<context-root>/ol-it-wsconsvalidcpe</context-root>
		</web>
	</module>
	-->
</application>
